Color Values,,,
1480323887,15,,32
-1414992459,21,,
1480350397,29,,
2017699737,25,,
-2111384906,22,,
-2111358396,4,,
-1408152913,15,,
-1552730436,28,,
452793566,30,,
452820076,12,,
-1552597887,1,,
1480509456,16,,
225314482,18,,
66218355,19,,
184805900,12,,
-651627280,16,,
1306852707,3,,
225394011,27,,
225420521,9,,
225473541,5,,
225500051,19,,
225526561,1,,
-651415201,31,,
-1188738030,18,,
-644575654,26,,
-1726060860,4,,
-1248500079,17,,
-1188605481,23,,
1252620219,27,,
-1725901801,23,,
1252646729,9,,
-1725875291,5,,
1252673239,23,,
-1188525952,0,,
-1725822272,0,,
1094959325,29,,
-1725795762,14,,
-1725769252,28,,
-1725742742,10,,
-1725716232,24,,
-485108389,27,,
-334519830,10,,
-1725663212,20,,
-1022431219,13,,
989183349,21,,
-1725530663,25,,
989236369,17,,
-1899213921,31,,
1314321188,4,,
-863123014,26,,
950779451,27,,
1321213754,26,,
1858589604,4,,
777183928,24,,
777210437,5,,
618114311,7,,
777236947,19,,
1480442430,30,,
-637080664,8,,
777263457,1,,
-637054154,22,,
777289967,15,,
1480548470,22,,
777342987,11,,
-636948114,14,,
1480628000,0,,
-795964712,24,,
-1174164905,23,,
-636815565,19,,
-1174138395,5,,
-1174111885,19,,
-879470200,8,,
-1174085375,1,,
-1174058865,15,,
-1174032355,29,,
-470800362,22,,
-1174005846,10,,
-1173979336,24,,
87907128,24,,
-1884958914,30,,
1706802899,19,,
-1884879385,7,,
1866005065,9,,
1865978555,27,,
-1884826365,3,,
-1402901859,29,,
1866058085,5,,
-367551725,19,,
-367525215,1,,
-1884720325,27,,
1866111104,0,,
-367498705,15,,
-1884667306,22,,
1155051996,28,,
1155131526,6,,
1866217144,24,,
-1884587776,0,,
-85343767,9,,
-85290748,4,,
-85211218,14,,
-85184708,28,,
-1559343897,7,,
1692772474,26,,
-85158198,10,,
1155449644,12,,
-85105178,6,,
1480454934,22,,
-1830283061,11,,
1480507954,18,,
80883514,26,,
80910024,8,,
892443636,20,,
777355491,3,,
-99586271,1,,
-796031737,7,,
777408510,30,,
1480640504,24,,
-796005227,21,,
1761637812,20,,
1217501945,25,,
1761664321,1,,
-795925698,30,,
1224341492,20,,
81042574,14,,
-1499157691,5,,
777488040,8,,
618418423,23,,
1217634495,31,,
1761796871,7,,
1217661005,13,,
-1333142488,8,,
1217687514,26,,
-1339929015,9,,
680364685,13,,
777620589,13,,
-1339875995,5,,
-1333115978,22,,
-1333089468,4,,
-1836671939,29,,
-1877225335,9,,
680391194,26,,
1217740534,22,,
1217767044,4,,
1224553570,2,,
680417704,8,,
-1877198825,23,,
-1339849485,19,,
1761876400,16,,
1791061666,2,,
-1877172315,5,,
1217793554,18,,
-1333036449,31,,
1224580080,16,,
680444214,22,,
-1877145805,19,,
-1339796465,15,,
-1333009939,13,,
1217820064,0,,
680470724,4,,
-1877119295,1,,
1224633100,12,,
1217846574,14,,
-1339769955,29,,
680497234,18,,
-1332956919,9,,
-1173860792,8,,
680523744,0,,
-1332930409,23,,
1224686120,8,,
-1339716936,24,,
1217926103,23,,
680576764,28,,
1383808757,21,,
680629783,23,,
680603273,9,,
-1339610896,16,,
-1876960236,20,,
135426819,3,,
-583007235,29,,
-1173728243,13,,
506973035,11,,
-733581788,4,,
507052564,20,,
-30270266,6,,
-30296776,24,,
-567619605,11,,
-2048485791,1,,
-311108514,30,,
-30111206,26,,
-2048406262,10,,
-741117295,17,,
-1981645608,24,,
1769212332,12,,
1769265352,8,,
1769291861,21,,
1769318371,3,,
295159182,14,,
1769344881,17,,
1769371391,31,,
1769397901,13,,
1769450921,9,,
1769424411,27,,
-953143226,6,,
1888064976,16,,
-1822231363,29,,
-1284855513,7,,
-1284829003,21,,
-182083481,7,,
1058524362,10,,
1935519143,7,,
-182030461,3,,
1935545653,21,,
1895010561,1,,
-182003951,17,,
-1656163140,28,,
196275772,28,,
-181977441,31,,
1935598673,17,,
1058630401,1,,
-181950931,13,,
-181897912,8,,
1058683421,29,,
1383688711,7,,
1058709931,11,,
-181844892,4,,
-15856199,25,,
521493141,21,,
1058895500,12,,
-15803179,21,,
-15776669,3,,
680668797,29,,
521599180,12,,
-15750160,16,,
-1595923914,22,,
-1595870894,18,,
-1974071087,17,,
-1595817875,13,,
-1974044578,30,,
-1436695238,26,,
2101985013,21,,
-1974018068,12,,
-1973965048,8,,
-189247849,23,,
-1973938538,22,,
1225122782,30,,
-1973912028,4,,
-1973885518,18,,
-1973859008,0,,
-1973832499,13,,
-1270573996,20,,
906949736,8,,
907002755,3,,
907055775,31,,
907082285,13,,
-1981421025,31,,
1610340788,20,,
-2147277168,16,,
907108795,27,,
1073044468,20,,
355172324,4,,
1073150507,11,,
-1104293694,2,,
1610473337,25,,
1299331207,7,,
1610526357,21,,
1073203527,7,,
-1981129416,24,,
1935690706,18,,
536039757,13,,
-885090891,21,,
-885064381,3,,
1252699749,5,,
1232538243,3,,
-885011361,31,,
1232564753,17,,
-884958341,27,,
-884931832,8,,
1776780148,20,,
-718996159,1,,
355702521,25,,
-1595937920,0,,
-718916629,11,,
-718890119,25,,
1798217828,4,,
-181487760,16,,
-2133128200,24,,
1836913335,23,,
1443993461,21,,
1444019971,3,,
-2133075181,19,,
1444046481,17,,
-1595699331,29,,
-2132995651,29,,
-1595646311,25,,
1624648815,15,,
-2132969141,11,,
-2132942631,25,,
-2132916121,7,,
1624728345,25,,
-2132863102,2,,
1624754855,7,,
1624781364,20,,
1451071596,12,,
1624807874,2,,
1451098106,26,,
1624860894,30,,
1624834384,16,,
1624887404,12,,
1624913914,26,,
1624940424,8,,
1624966933,21,,
-559210775,9,,
144021218,2,,
1451257165,13,,
1444523658,10,,
1451416224,0,,
1444656208,16,,
1444762247,7,,
1451628303,15,,
-1747353487,17,,
-1581444324,28,,
-1581417814,10,,
810369082,26,,
287923490,2,,
287950000,16,,
287976510,30,,
-1581258755,29,,
-1581232245,11,,
976437304,24,,
-884760268,20,,
-884733758,2,,
-1422056588,20,,
976463814,6,,
-1581126205,3,,
976490324,20,,
-718798085,27,,
-718771576,8,,
1135639470,14,,
1838871463,7,,
-2118396015,17,,
-2118369506,30,,
1679801846,22,,
-981883624,24,,
1135692490,10,,
-2118342996,12,,
1135745510,6,,
-981751075,29,,
1135798529,1,,
-718612516,28,,
1135825039,15,,
1135878059,11,,
258883278,14,,
-981671545,7,,
1839110052,4,,
-856297473,31,,
258962808,24,,
-981618525,3,,
-815709362,14,,
-863030980,28,,
1399122657,1,,
258989317,5,,
-278333512,24,,
-815682852,28,,
-278307003,5,,
-815656342,10,,
-815629832,24,,
-552438255,17,,
-278253983,1,,
-278227473,15,,
-552279195,5,,
-815444263,25,,
962512919,23,,
1302184870,6,,
1527935612,28,,
750274909,29,,
1528015141,5,,
1528041651,19,,
1528068161,1,,
1528094671,15,,
-649296511,1,,
1528121181,29,,
-1526264783,17,,
-656056528,16,,
-649270002,14,,
1528147690,10,,
-1526238273,31,,
47201975,23,,
1528174200,24,,
47228485,5,,
1528200710,6,,
-2070241590,10,,
107176102,6,,
107202612,20,,
1347810455,23,,
810461115,27,,
1687482406,6,,
1354623491,3,,
107282142,30,,
1687508916,20,,
107308652,12,,
107361671,7,,
810593664,0,,
810620174,14,,
810646684,28,,
273323854,14,,
810699704,24,,
273376874,10,,
273403384,24,,
273429894,6,,
-263866426,6,,
273456404,20,,
-263839916,20,,
439365567,31,,
273482914,2,,
-263813406,2,,
-263786897,15,,
273562443,11,,
439445096,8,,
439498116,4,,
-974846005,11,,
-974819495,25,,
998152586,10,,
-1291343727,17,,
-1677998468,28,,
-112438355,13,,
-1677971958,10,,
99958714,26,,
-1677945448,24,,
-815564309,11,,
998285136,16,,
-981420452,28,,
-1518769792,0,,
-1518743282,14,,
-437231566,18,,
-1518716772,28,,
-1518637243,5,,
1899414802,18,,
294656997,5,,
-981128844,20,,
1362171502,14,,
294710016,0,,
824822162,18,,
294736526,14,,
824875182,14,,
294763036,28,,
1362251031,23,,
824901692,28,,
824954711,23,,
824928201,9,,
1362304051,19,,
294842566,6,,
824981221,5,,
294869076,20,,
825007731,19,,
825034241,1,,
825060751,15,,
-649124948,12,,
825087261,29,,
825113770,10,,
825166790,6,,
825246320,16,,
-754900925,3,,
984421976,24,,
984448486,6,,
-429895635,13,,
991235013,5,,
-1306863906,30,,
-1126314591,1,,
-429869125,27,,
984474996,20,,
-1140795684,28,,
-966953366,10,,
-429630536,24,,
-966926856,24,,
-966900346,6,,
-263694863,17,,
1747866686,30,,
-966873836,20,,
-263641843,13,,
-429471477,11,,
1754732742,6,,
-1677932944,16,,
1747972725,21,,
1748052255,31,,
-263482784,0,,
-1518651248,16,,
1376665098,10,,
1376691608,24,,
-1677720865,31,,
1376718118,6,,
1202981839,15,,
1376744627,19,,
2079950111,31,,
2079976620,12,,
1376771137,1,,
1376797647,15,,
1376824157,29,,
2080056150,22,,
-1518439169,31,,
-37413924,28,,
599216474,26,,
665871088,16,,
659111072,0,,
665924108,12,,
1203273448,8,,
121788242,18,,
1203326468,4,,
121867772,28,,
665977128,8,,
121841262,14,,
659217111,23,,
666030148,4,,
121947301,5,,
666083167,31,,
666109677,13,,
121973811,19,,
1968531232,0,,
-2055390861,19,,
666162697,9,,
666189207,23,,
-1292211251,13,,
728082449,17,,
-1126302087,25,,
-1829454551,9,,
728188488,8,,
-1829428041,23,,
-1829401531,5,,
728214998,22,,
991353556,20,,
728241508,4,,
-1829375021,19,,
1431500011,11,,
991433086,30,,
-51444349,3,,
-1829348511,1,,
1968875860,20,,
-1829322002,14,,
728294527,31,,
-1829295492,28,,
728321037,13,,
-1829268982,10,,
991539125,21,,
728400567,23,,
991565635,3,,
-505010597,27,,
1969034919,7,,
713839945,9,,
-1670013796,28,,
887602733,13,,
-1669987286,10,,
-1663200759,9,,
887629243,27,,
894415770,26,,
-1669960776,24,,
894442279,7,,
887655753,9,,
301443523,3,,
-1669934266,6,,
894468789,21,,
-1663147740,4,,
-966728783,17,,
301470033,17,,
301496543,31,,
-966675763,13,,
-1663094720,0,,
485666402,2,,
301523053,13,,
301549563,27,,
-526529309,3,,
301576072,8,,
301602582,22,,
-526502799,17,,
-526476289,31,,
17659577,25,,
-1063772609,31,,
-526449779,13,,
-360540616,24,,
-1063746099,13,,
-526396759,9,,
-526423269,27,,
-1063719589,27,,
-526370249,23,,
-1063693079,9,,
-526343740,4,,
-1063666569,23,,
-360461086,2,,
-526290720,0,,
-1063613550,18,,
-526264210,14,,
-1063587040,0,,
-1063454490,6,,
-1834434706,14,,
-360036928,0,,
1983316437,21,,
-15645622,10,,
-1236899160,8,,
562344849,17,,
569157885,29,,
25075038,30,,
562450888,8,,
25101548,12,,
25128058,26,,
25154568,8,,
25181078,22,,
25207588,4,,
-1318436813,19,,
25234098,18,,
25287117,13,,
25366647,23,,
-148316611,29,,
191328830,30,,
894587333,5,,
-1926167754,22,,
-1926141245,3,,
-685533402,6,,
777157418,10,,
-685480382,2,,
-1926061715,13,,
-685453872,16,,
191567419,27,,
-685427362,30,,
-1940648847,17,,
-685400853,11,,
-1222723682,30,,
-1766806529,31,,
-1760020002,30,,
-1222670663,25,,
-1766780019,13,,
-685294813,3,,
-360342543,17,,
-685268303,17,,
-1766753509,27,,
-1759966983,25,,
-1222617643,21,,
-1759940473,7,,
-1766726999,9,,
-1940463277,19,,
-1759913963,21,,
954853069,13,,
-1766700489,23,,
-1766620960,0,,
-1222485094,26,,
1114028725,21,,
1114055235,3,,
-1222432074,22,,
954985618,18,,
576758915,3,,
576785425,17,,
-1766488410,6,,
576811935,31,,
576838445,13,,
576864955,27,,
576891464,8,,
1280123457,1,,
576917974,22,,
403181696,0,,
576944484,4,,
576970994,18,,
-193903182,18,,
403340755,19,,
-837214068,12,,
308256559,15,,
-133929055,1,,
308283069,29,,
403420285,29,,
308309579,11,,
-837108028,4,,
308336089,25,,
308362599,7,,
308389109,21,,
-837028498,14,,
-133769996,20,,
308415619,3,,
1446430269,29,,
-671092825,7,,
1446483288,24,,
-133716976,16,,
-133663956,12,,
-1388885440,0,,
-670960276,12,,
-387778755,29,,
-670933766,26,,
1446615838,30,,
569700586,10,,
191500393,9,,
-670774707,13,,
1665739112,8,,
-511652070,26,,
-511625560,8,,
1665792132,4,,
1665845151,31,,
-511572541,3,,
-844404946,14,,
-851138452,12,,
-1388487792,16,,
1665951191,23,,
-1388434772,12,,
-1388408263,25,,
47187969,1,,
1831913374,30,,
1831939884,12,,
954971612,28,,
1831966393,25,,
47294009,25,,
92723022,14,,
417754822,6,,
417781332,20,,
-126301515,21,,
-119514988,20,,
955157181,29,,
417834351,15,,
-300037793,31,,
-126275005,3,,
2085425748,20,,
-119461969,15,,
-126248495,17,,
417887371,11,,
-119435459,29,,
-126221985,31,,
417913881,25,,
-126195475,13,,
-119408949,11,,
417966901,21,,
1658548234,10,,
-126168965,27,,
-119382439,25,,
-119355929,7,,
-126142455,9,,
-119329419,21,,
-126089436,4,,
-119276399,17,,
-126062926,18,,
-119302909,3,,
-119249890,30,,
-126009906,14,,
1991566208,0,,
-119196870,26,,
1886430168,24,,
-125930377,23,,
-1374312315,5,,
783917434,26,,
1720680064,0,,
-2036937892,28,,
-2036911382,10,,
306441983,31,,
-299507596,20,,
-836803916,20,,
1183489784,24,,
1720865633,1,,
-2036725813,11,,
-1374047216,16,,
-511639566,18,,
-133333334,10,,
1721051202,2,,
-2036566754,30,,
1342824499,19,,
-511586547,13,,
1183754882,2,,
1349664045,13,,
-1207899464,24,,
-1214685990,26,,
1349770085,5,,
797780594,18,,
-511400978,14,,
-767726499,29,,
-71307543,9,,
-767699990,10,,
-767646970,6,,
-608497823,1,,
-608471313,15,,
-608444803,29,,
94787190,22,,
1568999398,6,,
1569052418,2,,
315096106,10,,
-2022682885,27,,
-1485307035,5,,
315122615,23,,
315149125,5,,
315175635,19,,
-947904676,28,,
1569158458,26,,
1735067621,5,,
1687746003,19,,
-1485174486,10,,
1735094131,19,,
-781889473,31,,
1735147150,14,,
-2022444296,24,,
1735173660,28,,
-1485068446,2,,
-2022417786,6,,
1735226680,24,,
-781783434,22,,
-2022364766,2,,
-2022311747,29,,
261120511,31,,
-2022285237,11,,
1735359229,29,,
-2022258727,25,,
1024300121,25,,
1017513595,27,,
-223041228,20,,
-223014718,2,,
-222988208,16,,
-222961698,30,,
-216175172,28,,
155291514,26,,
-222935189,11,,
-216148662,10,,
1017672654,14,,
-216122152,24,,
-222908679,25,,
-216095642,6,,
-222882169,7,,
1894693945,25,,
-216069133,19,,
-222855659,21,,
-1697041358,18,,
-216042623,1,,
-222829149,3,,
-1697014848,0,,
1561888050,18,,
-222802639,17,,
-216016113,15,,
-222776129,31,,
-215989603,29,,
1017831713,1,,
-222749620,12,,
-396485898,22,,
1024644750,14,,
-933755708,4,,
1349729569,1,,
-933676178,14,,
-933623159,9,,
-1470972498,14,,
646577106,18,,
1349809099,11,,
646683145,9,,
-933517119,1,,
411941858,2,,
-1470839949,19,,
-933490609,15,,
-1470786929,15,,
412021388,12,,
-1470760419,29,,
-1470733909,11,,
-2008003720,24,,
-2007977210,6,,
-1304665687,9,,
1569197471,31,,
-1311425704,24,,
1569250491,27,,
1569277001,9,,
872858044,28,,
872884554,10,,
1032033701,5,,
2113545417,9,,
2113571926,22,,
1032113230,14,,
1032139740,28,,
-382098341,27,,
1569595119,15,,
-707024101,27,,
155357038,14,,
858589031,7,,
-216003609,7,,
-381886262,10,,
-919235602,14,,
-919182582,10,,
-919209092,28,,
-919156072,24,,
-919129562,6,,
-919103053,19,,
-919076543,1,,
-381727203,29,,
1198499571,19,,
-919050033,15,,
-919023523,29,,
-918997013,11,,
-1636763118,18,,
-759715317,11,,
2120960878,14,,
2120987388,28,,
-1636604059,5,,
-1629764513,31,,
-1636524529,15,,
169506006,22,,
1583903147,11,,
3702882,2,,
1583929656,24,,
-1304600163,29,,
-1470482817,31,,
169665065,9,,
1410352437,21,,
1584141735,7,,
1032125734,6,,
335733288,8,,
-367472196,28,,
328973271,23,,
-367445686,10,,
-367419176,24,,
-367392666,6,,
329052801,1,,
-367366156,20,,
-3779605,11,,
335865837,13,,
335892347,27,,
776012291,3,,
-1781604238,18,,
-540996395,21,,
-367260117,11,,
2016593624,24,,
-540943375,17,,
1472537288,8,,
2016699664,16,,
776144841,9,,
1472616817,17,,
-1084999712,0,,
418675365,5,,
935267478,22,,
-1622349051,5,,
1472669837,13,,
-1084946692,28,,
2016805703,7,,
-1622296032,0,,
-1622269522,14,,
418754895,15,,
-1084920182,10,,
1472696347,27,,
-2132101618,14,,
935373517,13,,
-1781339139,29,,
-1622216502,10,,
-1084867162,6,,
935400027,27,,
-2132048598,10,,
1472775876,4,,
935453047,23,,
-2132022088,24,,
1983102856,8,,
1472961446,6,,
-1016028335,17,,
-1015975315,13,,
1983235405,13,,
-1015948805,27,,
1798046265,25,,
-312637283,29,,
1798125795,3,,
-1015869276,4,,
-759464224,0,,
-1015842766,18,,
-1015816256,0,,
-312584263,25,,
-312557753,7,,
-1726769325,19,,
1864965978,26,,
-856534560,0,,
-856508050,14,,
-153302567,25,,
-1726716305,15,,
1865045508,4,,
-856455031,9,,
-1733370282,22,,
-153170018,30,,
-1726557246,2,,
2024274184,8,,
2024300694,22,,
-1733317262,18,,
1865204567,23,,
-1733290752,0,,
-153090488,8,,
2024327204,4,,
2024353714,18,,
-1030005740,20,,
1487057394,18,,
2024380224,0,,
1487083904,0,,
2024433243,27,,
2024406733,13,,
1487110413,13,,
-1733131693,19,,
-2104624890,6,,
1487136923,27,,
2024486263,23,,
2024512773,5,,
1487163433,9,,
1487189943,23,,
2024565793,1,,
-243559867,5,,
459633113,25,,
935386021,5,,
73057901,13,,
73110921,9,,
1313692254,30,,
232260067,3,,
232286577,17,,
73216960,0,,
776475463,7,,
-637789128,24,,
776528483,3,,
-1719062255,17,,
-465430765,19,,
239417732,4,,
-1719035745,31,,
-1719009235,13,,
-1718982725,27,,
1101772362,10,,
-465351235,29,,
-1718956216,8,,
-1718929706,22,,
-1718903196,4,,
-1718876686,18,,
-1181474326,10,,
1865084522,10,,
-849656000,0,,
1002809422,14,,
-1552834973,3,,
-153184024,8,,
-1015485634,30,,
1002862441,9,,
-1552781954,30,,
-849523451,5,,
-1892400885,11,,
1327947261,29,,
-856256957,3,,
1865296601,25,,
425541421,13,,
-2104612386,30,,
425567931,27,,
-2125288581,27,,
1328079810,2,,
1865455660,12,,
-2125262072,8,,
425594441,9,,
-789416774,26,,
784023474,18,,
-2125235562,22,,
425620951,23,,
1328159340,12,,
1328185850,26,,
1865535190,22,,
784049984,0,,
-2125209052,4,,
1487281977,25,,
1487334996,20,,
73123425,1,,
-630082058,22,,
610499274,10,,
-1167378378,22,,
-464172895,1,,
-1167351868,4,,
-1167325359,17,,
-1167298849,31,,
610631824,16,,
-1167272339,13,,
-789019126,10,,
-1167245829,27,,
-463987326,2,,
-1167192809,23,,
-1340823048,24,,
1713615935,31,,
-1340770028,20,,
1713642445,13,,
-1340743518,2,,
1872791591,7,,
1713695465,9,,
-1878013329,15,,
1002609847,23,,
398738442,10,,
-1877907289,7,,
-1877880779,21,,
-1877854269,3,,
1872977161,9,,
1873030180,4,,
1879816707,3,,
-304387512,8,,
1879843217,17,,
1873083200,0,,
1879869726,30,,
-1877721720,8,,
1879896236,12,,
-1552557371,5,,
-78292142,18,,
-78265632,0,,
1487267971,3,,
-78239122,14,,
1487320990,30,,
-78186103,9,,
87749570,2,,
625125420,12,,
784221547,11,,
-789192191,1,,
791034583,23,,
791061093,5,,
87829100,12,,
784274567,7,,
87855610,26,,
-789112661,11,,
-1326462001,15,,
-1658200798,2,,
784327586,2,,
-1326408981,11,,
1231234057,9,,
1065377914,26,,
-1326355962,6,,
-464027842,30,,
-1870438808,8,,
687177721,25,,
1231313587,19,,
-1823072376,8,,
687204231,7,,
-1870412298,22,,
-1392957556,12,,
1231340097,1,,
687230741,21,,
-1870385788,4,,
-85668589,19,,
1231393117,29,,
687257250,2,,
-1167127286,10,,
-1870359279,17,,
-463921802,22,,
-1870332769,31,,
687283760,16,,
-85615570,14,,
-1870306259,13,,
687310270,30,,
687336780,12,,
-1326117373,3,,
-1870253239,9,,
687363290,26,,
1390595283,19,,
-1870226729,23,,
-1326090863,17,,
1390621793,1,,
687416310,22,,
687389800,8,,
1231578686,30,,
1231552176,16,,
-608340266,22,,
513733051,27,,
513786071,23,,
432274928,16,,
432301438,30,,
-297561971,13,,
432327948,12,,
-23377700,28,,
-560700530,14,,
1556849074,18,,
-2041672755,13,,
432354457,25,,
224136142,14,,
432380967,7,,
432407477,21,,
-23271660,20,,
-1000634905,7,,
1776025368,24,,
-1974779552,0,,
1776051878,6,,
1776078388,20,,
1776104898,2,,
301972219,27,,
1782997464,24,,
1776210937,25,,
-1097599202,30,,
1783050483,19,,
-946330190,18,,
1776343487,31,,
880763187,19,,
1065363908,4,,
-642814097,15,,
-642787588,28,,
1065443438,14,,
-175111385,7,,
1065469948,28,,
-642734568,24,,
-642708058,6,,
528200137,9,,
-9096183,9,,
-56444310,10,,
1065602497,1,,
528253157,5,,
528279667,19,,
-9069673,23,,
694215340,12,,
-9016653,19,,
687481833,9,,
528385707,11,,
-8963633,15,,
528412216,24,,
687508343,23,,
-8937123,29,,
-8910613,11,,
528465236,20,,
-8857594,6,,
-8831084,20,,
-1489829819,5,,
2108771540,20,,
-1967178522,6,,
528650805,21,,
-1967152012,20,,
-1967125502,2,,
-726517659,5,,
-1967098992,16,,
-705239039,1,,
-1967072482,30,,
-726464639,1,,
-1967045972,12,,
-705132999,25,,
-1966966443,21,,
-1627302697,23,,
-401326800,16,,
913815792,16,,
-1263522371,29,,
-394381214,2,,
1617153824,0,,
-401167741,3,,
913948341,21,,
-1800765671,25,,
362011870,30,,
-394301685,11,,
1617233354,10,,
914027871,31,,
1079884014,14,,
1617259864,24,,
-1097480658,14,,
1617312883,19,,
1617339393,1,,
1079990054,6,,
1080043073,1,,
1080069583,15,,
1080096093,29,,
1942424213,21,,
1080122603,11,,
1942477233,17,,
1239298259,19,,
-878251345,15,,
1239324769,1,,
1942583272,8,,
-871385289,23,,
535986737,17,,
-174886802,14,,
-871305759,1,,
-878092285,3,,
-871279249,15,,
-8951129,7,,
1804924825,25,,
-871252739,29,,
-871226229,11,,
-712103593,23,,
369408123,27,,
-712077083,5,,
-712050573,19,,
369487653,5,,
-1588912805,27,,
2108890083,3,,
-2126182615,9,,
-2126156105,23,,
-2126103085,19,,
1631514871,23,,
-1263774965,11,,
1631567891,19,,
-2126023556,28,,
1631594401,1,,
1631620911,15,,
1631647420,28,,
-2125970536,24,,
-1355131075,29,,
1631673930,10,,
1631700440,24,,
1631726950,6,,
1631753460,20,,
1631779970,2,,
-545611212,20,,
1631806480,16,,
1631859499,11,,
-636027571,13,,
-636001061,27,,
914013865,9,,
51712255,31,,
1458176241,17,,
-635974551,9,,
-635948041,23,,
376770565,5,,
1791114685,29,,
-1800647127,9,,
1791141195,11,,
376850094,14,,
-1097335605,11,,
-1800541088,0,,
1458361810,18,,
-1800514578,14,,
935504564,20,,
1458441340,28,,
-1800461558,10,,
376956134,6,,
-1574604778,22,,
817155608,24,,
1246176819,19,,
-160234147,29,,
542971336,8,,
817182118,6,,
-160207637,11,,
543024356,4,,
543077376,0,,
-1746289392,16,,
-1574445718,10,,
-2071082603,21,,
1845604970,10,,
1845631480,24,,
-1415190532,28,,
-2111609489,15,,
1142452507,27,,
-711932029,3,,
-2111582979,29,,
-2111556469,11,,
-711879010,30,,
-1415057983,1,,
1845764029,29,,
-1415084493,19,,
-711825990,26,,
1142585056,0,,
-849616986,6,,
265616785,17,,
272429821,29,,
-1686023656,24,,
-968125002,22,,
-974911528,24,,
272456331,11,,
-849537457,15,,
-974885019,5,,
265722824,8,,
-271600006,26,,
272535860,20,,
-974805489,15,,
265802354,18,,
-271546986,22,,
-967965943,9,,
-271520476,4,,
272641900,12,,
265881883,27,,
-808790286,18,,
-808816796,4,,
-271414437,27,,
-271440947,13,,
-271361417,23,,
431923596,12,,
2012150370,2,,
-2063667142,26,,
-982155426,30,,
1534907707,27,,
-982128916,12,,
-642483475,13,,
53935482,26,,
-2063587613,3,,
1534934217,9,,
53961991,7,,
1534960727,23,,
1534987237,5,,
-1519372217,7,,
1535013746,18,,
1694268933,5,,
-1194260887,9,,
1694295442,18,,
120881705,9,,
1694321952,0,,
1694348462,14,,
817406701,13,,
817380191,31,,
280083871,31,,
-1897333821,3,,
280110381,13,,
817459721,9,,
817486230,22,,
280163401,9,,
280189910,22,,
280216420,4,,
1520824263,7,,
-257079900,4,,
280242930,18,,
-257053390,18,,
446152093,29,,
280295950,14,,
-257026880,0,,
-257000370,14,,
-256973860,28,,
-256947350,10,,
446284643,3,,
-629241045,11,,
446311152,16,,
-1034661073,15,,
-629214535,25,,
-1284557201,15,,
-629188025,7,,
-1284530691,29,,
-629161515,21,,
-629135005,3,,
-1511983265,31,,
-1671052882,14,,
-1671079392,0,,
-1670999863,9,,
1005151192,24,,
-1511877226,22,,
-967741360,16,,
-967635320,8,,
-1511771187,13,,
831661708,12,,
831741238,22,,
831714728,8,,
1369090577,17,,
831767748,4,,
831794257,17,,
831820767,31,,
1369196617,9,,
1981819978,10,,
831847277,13,,
-1345570415,17,,
1369223127,23,,
-642338422,10,,
831873787,27,,
831900297,9,,
1369276147,19,,
831953317,5,,
-748246948,28,,
2072587669,21,,
-423056089,7,,
1694493515,11,,
1694520025,25,,
658482137,25,,
658455627,11,,
1694546535,7,,
-422976559,17,,
121238837,21,,
-960166839,9,,
-416057483,21,,
1429791473,17,,
-422844010,22,,
-960140330,22,,
-422817500,4,,
-416030973,3,,
-960113820,4,,
-415951444,12,,
-960087310,18,,
-960060800,0,,
-256855317,11,,
-960034290,14,,
1920641905,17,,
1761545778,18,,
-256775787,21,,
446429696,0,,
-256749277,3,,
-256722767,17,,
-1670987359,1,,
-256669748,12,,
549586300,28,,
1383451624,8,,
2086683617,1,,
1383478134,22,,
1383504644,4,,
-1133531980,20,,
1383531154,18,,
1383557664,0,,
-1133478960,16,,
1383584174,14,,
1383610683,27,,
1383637193,9,,
2086895696,16,,
-1649417130,22,,
1209980445,29,,
128601278,30,,
672763654,6,,
128680808,8,,
1210219034,26,,
672869694,30,,
672896204,12,,
128786847,31,,
672975733,21,,
128839867,27,,
-1345345832,24,,
-2048551315,13,,
128945907,19,,
-622454518,10,,
-622401498,6,,
-1822615005,3,,
-622374989,19,,
998193102,14,,
735054544,16,,
-1822561985,31,,
998246122,10,,
-1781955570,14,,
-1822535475,13,,
735081054,30,,
-1822508965,27,,
735134074,26,,
-1822482455,9,,
1438392577,1,,
998325652,20,,
735160584,8,,
735213603,3,,
-498224071,25,,
-1656414233,7,,
853880678,6,,
1438578146,2,,
-1656387723,21,,
901228806,6,,
901255316,20,,
24260535,23,,
-1656361213,3,,
-959889237,11,,
853960208,16,,
901281826,2,,
1597753802,10,,
-519769292,20,,
24393084,28,,
-512929746,14,,
-519689762,30,,
720918080,0,,
-1056986082,30,,
-1056959573,11,,
-512850216,24,,
-519636743,25,,
-519583723,21,,
24525633,1,,
-1056933063,25,,
727784136,8,,
720997610,10,,
-519557213,3,,
-1056906553,7,,
727810646,22,,
-353674560,0,,
-1056880043,21,,
-353621540,28,,
-1056853533,3,,
-519477683,13,,
-1056827023,17,,
-1056800513,31,,
-1056774003,13,,
-1056694474,22,,
-1827648180,12,,
-1056667964,4,,
1942516247,23,,
-1230404242,14,,
-1230245183,1,,
-1767541503,1,,
-1767461973,11,,
-1767435464,24,,
-187208689,15,,
1272336858,26,,
-1767382444,20,,
350273200,16,,
31888075,11,,
-1442271114,22,,
31941094,6,,
-1311703306,22,,
31994114,2,,
-1311676796,4,,
32020624,16,,
-1311650287,17,,
1597580737,1,,
-1311623777,31,,
32047134,30,,
1272654977,1,,
32073644,12,,
1597739796,20,,
198168376,24,,
1597819326,30,,
-678799895,9,,
901426879,31,,
198194886,6,,
-1579690973,3,,
-1919354718,2,,
-141397536,0,,
-678746875,5,,
-1216096215,9,,
901479899,27,,
-678693856,0,,
-678667346,14,,
-678587816,24,,
-1753206966,10,,
-1215857626,6,,
-678481777,15,,
-1753180456,24,,
-1753153946,6,,
-1215804607,1,,
-1215778097,15,,
-1753127436,20,,
-512519594,22,,
-1753074417,15,,
961745635,3,,
961719125,21,,
961772145,17,,
-1215619038,2,,
-615614972,4,,
961825164,12,,
583598461,29,,
583624971,11,,
-1271990924,20,,
-1215512998,26,,
583651481,25,,
583677991,7,,
1824285834,10,,
583704501,21,,
583731011,3,,
-1926492577,31,,
1845590964,20,,
583757521,17,,
583784030,30,,
-1926413047,9,,
38660595,19,,
-890322139,5,,
1287148573,29,,
1845750023,7,,
-664518378,22,,
-890216100,28,,
-830348012,20,,
-664438848,0,,
1453216795,27,,
-830215462,26,,
-126956959,1,,
-664306299,5,,
-1382178443,21,,
-664253279,1,,
-126877430,10,,
-664226769,15,,
-126824410,6,,
-664173750,10,,
-126850920,24,,
-664147240,24,,
-664120730,6,,
-664094220,20,,
39111263,31,,
-504971583,1,,
-664067710,2,,
198260410,26,,
-664014690,30,,
198339939,3,,
-1201284501,11,,
-504865544,24,,
1672552148,20,,
1672631678,30,,
1672658188,12,,
-1381701266,14,,
-518795729,15,,
1672711207,7,,
-518716199,25,,
1838699900,28,,
1838726410,10,,
-1752982383,17,,
1838752920,24,,
-1918812017,15,,
-1752929363,13,,
1838858959,15,,
424620878,14,,
-293277776,16,,
424594368,0,,
-112675442,14,,
962023237,5,,
563159352,24,,
-112622422,10,,
-112595912,24,,
-112569403,5,,
-112542893,19,,
583902574,14,,
424832957,29,,
-112489873,15,,
-112516383,1,,
-112463363,29,,
2005112751,15,,
-286199641,7,,
-112436853,11,,
424938996,20,,
2005139261,29,,
1998352734,30,,
-112410343,25,,
-112357324,20,,
2005192280,24,,
1998405754,26,,
-1692557588,12,,
-2023444369,15,,
-286067092,12,,
-830176448,0,,
-286014072,8,,
-292747579,5,,
-1367393239,9,,
-830043899,5,,
-1526462856,24,,
1727625650,18,,
1727652160,0,,
1190302820,4,,
750235895,23,,
-2023179270,26,,
-1367260689,15,,
1727731689,9,,
1190382349,13,,
1031286223,15,,
1727784709,5,,
1190435369,9,,
2052763489,1,,
-927061215,1,,
1190514899,19,,
-1201192467,13,,
2052869529,25,,
-504720491,21,,
-926955176,24,,
-1201139447,9,,
-1904291911,25,,
-1201086428,4,,
1356556611,3,,
-1201059918,18,,
-64547526,26,,
-760860443,5,,
-934596722,14,,
-601737807,17,,
101467677,29,,
-642272898,30,,
-601711297,31,,
-1442349142,10,,
-601658277,27,,
1913504046,14,,
-601631767,9,,
1575865454,14,,
1694479510,22,,
1575944984,24,,
-2015737299,13,,
1741880657,17,,
-2015710789,27,,
-1478361450,22,,
1741907167,31,,
-2015657770,22,,
1741960187,27,,
-2015631260,4,,
1741986697,9,,
-2015604750,18,,
1742039716,4,,
1742013206,22,,
-2015578240,0,,
-1478228900,28,,
1742066226,18,,
-1849695587,29,,
1742092736,0,,
-1298183273,23,,
162051531,11,,
-209415155,13,,
-209388646,26,,
-1298156763,5,,
-209362136,8,,
1031245707,11,,
1568595047,7,,
-209309116,4,,
-209335626,22,,
-1312028129,31,,
-512009203,13,,
-209282606,18,,
1954594343,7,,
-511982693,27,,
-209256096,0,,
1908320018,18,,
1901533491,19,,
-1690228322,30,,
-511956183,9,,
-209229586,14,,
1908346527,31,,
-511929673,23,,
-209203077,27,,
1901586511,15,,
1908373037,13,,
-1690175302,26,,
-927075221,11,,
-511903163,5,,
-209176567,9,,
-511876653,19,,
1901613021,29,,
-209150057,23,,
-986890289,15,,
-511850143,1,,
1356436566,22,,
-1630095135,1,,
-926810122,22,,
653390142,30,,
-49788831,1,,
-926730593,31,,
2119775236,4,,
569945879,23,,
-49762321,15,,
-2016095933,3,,
653443162,26,,
-1464079932,4,,
-926704083,13,,
-1464026913,31,,
-1463973893,27,,
-1463947383,9,,
-49576752,16,,
-601592753,15,,
-1463920873,23,,
-2001217193,23,,
-1298011710,2,,
-1297985200,16,,
-2001190683,5,,
-1463841344,0,,
-601539734,10,,
-223260011,21,,
-2001164173,19,,
-1463814834,14,,
-1463788324,28,,
-2001137664,0,,
-601486714,6,,
-2001111154,14,,
-2001084644,28,,
-601433694,2,,
-1637471582,2,,
-1297826141,3,,
1266272802,2,,
879644571,27,,
2120252413,29,,
-1637392053,11,,
879671081,9,,
-739065631,1,,
161851956,20,,
1038846737,17,,
879750610,18,,
2120358453,21,,
1583062133,21,,
2099025311,31,,
1576381646,14,,
1039058816,0,,
-435100373,11,,
1329079883,11,,
-1138279346,14,,
-1078411258,6,,
-375152755,13,,
-912475585,31,,
-912449075,13,,
-912396056,8,,
-912422566,26,,
328185277,29,,
-912369546,22,,
-912343036,4,,
-912316526,18,,
-912290016,0,,
-912263506,14,,
-912236997,27,,
-1085920255,1,,
-912183977,23,,
-1085893745,15,,
-1464120448,0,,
-1623190065,15,,
2127667875,3,,
-752928791,9,,
-752902281,23,,
-746115754,22,,
-1085734686,2,,
2127747404,12,,
-752875771,5,,
2127773914,26,,
2127800424,8,,
-752849261,19,,
-746062735,17,,
-1623031006,2,,
-1623004496,16,,
-1622977986,30,,
2127906463,31,,
-1622898457,7,,
-1622845437,3,,
1590689673,9,,
2128012503,23,,
1590716183,23,,
-2001045630,2,,
1590742693,5,,
-1297787127,9,,
-2000992610,30,,
17355465,9,,
-1291396747,21,,
-1291370237,3,,
10648468,20,,
-505275696,16,,
-360685669,27,,
-505196166,26,,
-505169656,8,,
-360659159,9,,
-505143147,21,,
-360632649,23,,
342572834,2,,
-505116637,3,,
-534368928,0,,
-360606140,4,,
-360579630,18,,
879975193,25,,
-505090127,17,,
342625853,29,,
-505063617,31,,
342678873,25,,
-505037107,13,,
-534236378,6,,
3112961,1,,
-1138213823,1,,
-534156849,15,,
782904857,25,,
-1078239695,17,,
-1615589035,21,,
-1774632142,18,,
1486216380,28,,
-1071400149,11,,
576732405,21,,
942080514,2,,
1486242890,10,,
1479456363,11,,
-534024299,21,,
-1615509505,31,,
1486269400,24,,
-1071320619,21,,
942160043,11,,
1486295910,6,,
1479482873,25,,
-1615456486,26,,
2023671759,15,,
-1071294110,2,,
1479535893,21,,
942186553,25,,
-1071267600,16,,
-1615403466,22,,
1479562403,3,,
1486348929,1,,
-1078027616,0,,
231127445,21,,
1479588913,17,,
1479615423,31,,
942266083,3,,
-1077974596,28,,
1486428459,11,,
942319103,31,,
1486507989,21,,
-1009162279,25,,
-1009135769,7,,
-1009109259,21,,
1811645828,4,,
768821413,5,,
-1449149674,22,,
1108493365,21,,
-745891171,29,,
-1009056240,16,,
-305797737,23,,
-1009029730,30,,
-305771227,5,,
-1009003220,12,,
-1008976710,26,,
-849774544,16,,
-842934997,11,,
-849721524,12,,
-849695014,26,,
-842908488,24,,
-146463021,19,,
2031087220,20,,
1493843920,16,,
2031166750,30,,
-1023192703,1,,
1493870430,30,,
2031219770,26,,
2031246280,8,,
1493896940,12,,
2031272789,21,,
1493923450,26,,
-1560462514,14,,
1493949960,8,,
-146091883,21,,
2031325809,17,,
1493976469,21,,
1494002979,3,,
-2097732324,28,,
198246404,4,,
1494029489,17,,
-2097705814,10,,
1494109019,27,,
1494082509,13,,
2031458359,23,,
79791408,16,,
79950467,3,,
1320531800,24,,
80003487,31,,
1494347608,24,,
-1235033066,22,,
-1931452022,10,,
-1931425512,24,,
783368029,29,,
-1931372493,19,,
1320743879,7,,
-1174952899,29,,
-1712249219,29,,
-1712196199,25,,
-1712169689,7,,
-498409640,24,,
-1712143179,21,,
-498383130,6,,
-1712116669,3,,
-1712090159,17,,
-498356620,20,,
405485954,2,,
-1712037140,12,,
-498330110,2,,
65893533,29,,
-498303600,16,,
-498277091,29,,
-471402787,29,,
-498250581,11,,
1009622458,26,,
-842816454,26,,
-1885667378,14,,
1872003598,14,,
-842736924,4,,
1893282218,10,,
1334707278,14,,
-842710414,18,,
964379014,6,,
1872136147,19,,
616914663,7,,
1009887557,5,,
790756980,20,,
1872215676,28,,
1334919356,28,,
797596527,15,,
1872268696,24,,
1334972376,24,,
797623036,28,,
790836510,30,,
790863020,12,,
797649546,10,,
1334998886,6,,
790889530,26,,
797702566,6,,
1494174543,15,,
797729076,20,,
1872454265,25,,
797755586,2,,
-782444678,26,,
-782391659,21,,
797835115,11,,
797861625,25,,
-1160538832,16,,
-1160512322,30,,
-1160485812,12,,
-1160459303,25,,
617497880,24,,
-693134432,0,,
-1160379773,3,,
-457121270,10,,
1720481991,7,,
-1871253312,0,,
-1871226802,14,,
1720508501,21,,
1886444174,14,,
-1871173782,10,,
-1871147272,24,,
-1871120763,5,,
1720614540,12,,
1720641050,26,,
-1871041233,15,,
1886576723,19,,
-1871014723,29,,
1886603233,1,,
-290814459,5,,
1886656253,29,,
1886682763,11,,
1712946485,21,,
1886762292,20,,
1886815312,16,,
-71638165,11,,
-71611655,25,,
623469902,14,,
-71532126,2,,
-71505616,16,,
1706451567,15,,
1494054497,1,,
-71399576,8,,
1169181757,29,,
94536097,1,,
631938456,24,,
94615626,10,,
1494266576,16,,
631991476,20,,
-782299625,23,,
797900639,31,,
1701028949,21,,
94695156,20,,
-1379464033,31,,
693937737,9,,
-1319489906,14,,
700803793,17,,
-1863599262,2,,
-1856812736,0,,
694017267,19,,
-1319436886,10,,
-1856786226,14,,
694043777,1,,
-1863572752,16,,
1397249260,12,,
700830303,31,,
520307499,11,,
-1319410376,24,,
694070287,15,,
700856813,13,,
-1856759716,28,,
-1863546242,30,,
-1863519732,12,,
694096797,29,,
-1856733206,10,,
700883323,27,,
-491543584,0,,
694123307,11,,
-1856706696,24,,
700909833,9,,
-1863493222,26,,
-1863466713,7,,
1238285683,19,,
694149816,24,,
-491517074,14,,
700936343,23,,
-1856680186,6,,
-1863440203,21,,
-1856653676,20,,
694202836,20,,
694176326,6,,
700962853,5,,
-491490564,28,,
-1856627166,2,,
700989363,19,,
-1863413693,3,,
-1319251317,11,,
694229346,2,,
-1863387183,17,,
701015872,0,,
-491464054,10,,
-1856600657,15,,
701042382,14,,
254215441,17,,
701068892,28,,
-1863307653,27,,
1941650225,17,,
701095402,10,,
-1856494617,7,,
-1856468107,21,,
694361895,7,,
957579983,15,,
520678637,13,,
-615807245,19,,
-16617683,13,,
520758166,22,,
-553940513,31,,
-993954418,14,,
-16538154,22,,
-553860983,9,,
-2028046682,6,,
1563715130,26,,
1742144254,30,,
-16458624,0,,
-993848379,5,,
-16379094,10,,
-553701924,28,,
-456366490,6,,
308705725,29,,
1789704461,13,,
308785255,7,,
1789783990,22,,
-1808711329,31,,
1789863520,0,,
1949092196,4,,
-1642669617,15,,
1949145216,0,,
1072256474,26,,
1949251255,23,,
534986664,8,,
-49684294,26,,
-168218819,29,,
1072362514,18,,
-49604764,4,,
1072415533,13,,
535066194,18,,
700948847,15,,
535092703,31,,
700975357,29,,
-2203617,31,,
535145723,27,,
-2177107,13,,
535198743,23,,
-168006740,12,,
-2150597,27,,
535225253,5,,
-1582297841,15,,
-2124087,9,,
-2097577,23,,
535278272,0,,
535331292,28,,
-1953658488,8,,
-1960391995,5,,
-1960365485,19,,
-1582112272,16,,
-1960338975,1,,
-1960312465,15,,
1563701125,5,,
-1960285956,28,,
-1953499429,27,,
-1960232936,24,,
-1960259446,10,,
-1953446409,23,,
-1953472919,9,,
-712865077,11,,
-1953419900,4,,
-1960179916,20,,
-1953393390,18,,
-1960153406,2,,
-1953366880,0,,
157422708,20,,
-1953340370,14,,
-175383188,12,,
-387568178,14,,
1086644031,31,,
1086670541,13,,
-1090667622,26,,
1086750070,22,,
1624125920,0,,
1086776580,4,,
1086803090,18,,
1086829600,0,,
-484757057,31,,
-484730548,12,,
1086856110,14,,
1790088103,7,,
1086882620,28,,
-484704038,26,,
1086909129,9,,
549612809,9,,
1086935639,23,,
549639319,23,,
1246058276,4,,
1252871312,16,,
549665829,5,,
1246111296,0,,
549718849,1,,
1246137806,14,,
1252950842,26,,
1253003862,22,,
1811631822,14,,
1811684842,10,,
549824888,24,,
1811711352,24,,
-705343576,8,,
-864439703,9,,
-705317066,22,,
-864413193,23,,
-705290556,4,,
-1038122961,15,,
376194650,26,,
-864386683,5,,
-705237537,31,,
-705184517,27,,
1949740937,9,,
-1506481118,2,,
2115623590,6,,
-1582046749,3,,
-2119369578,22,,
-1819974,26,,
-2119290049,31,,
1638327907,3,,
1638354417,17,,
1638380927,31,,
1638433947,27,,
1638407437,13,,
164248248,24,,
1638460457,9,,
1638486967,23,,
1638513476,4,,
1638566496,0,,
1464909748,20,,
19909314,2,,
58551801,25,,
1797874702,14,,
1797901212,28,,
920906431,31,,
224487474,18,,
383583601,17,,
1797927722,10,,
224513984,0,,
-1090575588,28,,
927745977,25,,
383663130,26,,
-1793781071,17,,
921038980,4,,
942291091,19,,
383716150,22,,
921065490,18,,
1363039025,17,,
927852016,16,,
383742660,4,,
1363065535,31,,
921118510,14,,
383795680,0,,
1252936836,4,,
927984566,22,,
-153474130,14,,
383848700,28,,
-153447620,28,,
-1030442402,30,,
-1733647885,19,,
-153421111,9,,
1253042875,27,,
549837392,16,,
-1733568355,29,,
549863902,30,,
549890412,12,,
928170135,23,,
1693242350,14,,
1693295370,10,,
-1739370316,20,,
-1567526643,13,,
-2104822963,13,,
-2064269567,1,,
-2104796453,27,,
1149239033,25,,
-1401564460,20,,
1108730451,19,,
-2104769943,9,,
1149265543,7,,
1149292053,21,,
-1401537950,2,,
-2104743433,23,,
-2104716923,5,,
1149345072,16,,
-1401484930,30,,
-1401458420,12,,
1149371582,30,,
-864082571,21,,
1412536650,10,,
-842750930,14,,
279295877,5,,
1149530642,18,,
-264707440,16,,
-802056780,20,,
-802003760,16,,
-264654420,12,,
-801977250,30,,
-801950740,12,,
-264601400,8,,
-801924230,26,,
-264548381,3,,
-801897720,8,,
763715412,20,,
1541641214,30,,
60695498,10,,
1541694233,25,,
-635696949,11,,
1541720743,7,,
1541747253,21,,
-635643929,7,,
1541773763,3,,
-2049935030,10,,
1541800273,17,,
-1512559180,20,,
-975209841,15,,
1541826783,31,,
1541853293,13,,
1701055459,3,,
830847204,4,,
127641721,25,,
1701081969,17,,
-2049775971,29,,
1701108479,31,,
286790868,20,,
1701134989,13,,
824193227,11,,
830953244,28,,
1701161498,26,,
824166717,29,,
286843887,15,,
-1890573805,19,,
824219737,25,,
127800780,12,,
-2049590402,30,,
286923417,25,,
824272757,21,,
286949927,7,,
-1890467765,11,,
824325777,17,,
286976437,21,,
287002947,3,,
-250293373,3,,
287029457,17,,
-250266863,17,,
113319688,8,,
287108986,26,,
-250240354,30,,
-250213844,12,,
-250187334,26,,
-250160824,8,,
-250134314,22,,
287241536,0,,
-250107804,4,,
-423817573,27,,
-250081294,18,,
-1664266356,12,,
-1505143719,25,,
1258452989,29,,
-423632004,28,,
-1505117209,7,,
1369825552,16,,
-1505064190,2,,
-1498277663,1,,
1369852062,30,,
-1498224644,28,,
-423525964,20,,
-1678614899,13,,
838448235,11,,
838527764,20,,
838580784,16,,
-635604915,13,,
838633804,12,,
838660313,25,,
-635525385,23,,
838686823,7,,
-1678349800,24,,
-635498876,4,,
-1456240313,7,,
838713333,21,,
-1456213803,21,,
-635445856,0,,
-1456187294,2,,
838766353,17,,
-741407401,23,,
-741380892,4,,
838845883,27,,
-1890587810,30,,
1004781556,20,,
1708013549,13,,
-741248342,10,,
1708093078,22,,
-734435306,22,,
127945834,10,,
-741168813,19,,
-734382286,18,,
-1127275650,30,,
1708172608,0,,
128078383,15,,
-953353803,21,,
-409217937,15,,
-953327293,3,,
-953300783,17,,
-409164917,11,,
-409138407,25,,
-953274274,30,,
-250015771,5,,
-953247764,12,,
-249989261,19,,
128263952,16,,
-953194744,8,,
-249962751,1,,
-249936241,15,,
-1126824983,9,,
1390264661,21,,
1390317680,16,,
1390344190,30,,
-1664041773,19,,
1390370700,12,,
1390397210,26,,
2093629203,19,,
-1642657113,7,,
619496524,12,,
2093735242,10,,
679470651,27,,
1216846501,5,,
135387805,29,,
-23655302,26,,
142200841,9,,
135414315,11,,
679603200,0,,
679629710,14,,
142306880,0,,
-23575773,3,,
135520354,2,,
679682730,10,,
135546864,16,,
142333390,14,,
135573374,30,,
679735750,6,,
142412920,24,,
679762260,20,,
142439430,6,,
679788770,2,,
142492450,2,,
142465940,20,,
-2041685259,21,,
135758943,31,,
135785453,13,,
142571979,11,,
-1815854988,20,,
-1815801968,16,,
1005006139,27,,
-1476111713,31,,
-1815775459,29,,
301800655,15,,
1005032648,8,,
135918002,18,,
741867580,28,,
-1112490446,18,,
-1815722439,25,,
135997532,28,,
1982501933,13,,
741920600,24,,
741947110,6,,
-1815642909,3,,
-1815669419,21,,
741973620,20,,
742000130,2,,
1982581462,22,,
1376612078,14,,
1982607972,4,,
1376638588,28,,
-1649654216,24,,
-1774983474,14,,
-1815536870,26,,
-1649627707,5,,
860667205,5,,
1982714012,28,,
860693714,18,,
-574902517,11,,
-1112225347,29,,
-1649574687,1,,
908041842,18,,
-946342694,26,,
860720224,0,,
-1987274504,24,,
1445417692,28,,
-1649548177,15,,
908068352,0,,
1982767032,24,,
1611300345,25,,
-1112172327,25,,
1445444202,10,,
-1649521667,29,,
1604540329,9,,
1611326855,7,,
-953049691,5,,
-1649495157,11,,
-953023181,19,,
-1649468647,25,,
31206120,8,,
-506143219,13,,
-952943651,29,,
-506063690,22,,
356290940,28,,
-1449506807,9,,
-946104105,23,,
-1050146536,24,,
-1050120026,6,,
-1449453787,5,,
-1050093517,19,,
-1449427277,19,,
-1050067007,1,,
-346808504,8,,
-1449400767,1,,
-1050040497,15,,
734703212,12,,
-1449374257,15,,
-1050013987,29,,
1949196733,29,,
-1449347747,29,,
-1049987477,11,,
-1049934457,7,,
-1049960967,25,,
-1049907947,21,,
-1049854928,16,,
-1223617716,12,,
190726405,5,,
1996756940,12,,
522571241,9,,
1996862980,4,,
522650771,19,,
-1223405637,27,,
1830980326,6,,
-2125589,11,,
522703791,15,,
-1223326107,5,,
-2046059,21,,
1996995529,9,,
-1760622427,5,,
-1760569408,0,,
-180369143,9,,
-180342633,23,,
-1435511098,6,,
-1304916780,20,,
-1435458078,2,,
-1435378548,12,,
38807151,15,,
38833660,28,,
1611180300,12,,
45726226,18,,
1611233319,7,,
38966210,2,,
1823736428,12,,
908213405,29,,
204981412,4,,
-671960349,3,,
205007922,18,,
205060942,14,,
-671880819,13,,
-671854310,26,,
-671827800,8,,
-671774780,4,,
-1209097610,22,,
-1049974973,3,,
-1209044590,18,,
-1746393930,22,,
-1746367420,4,,
-1746340910,18,,
-1208965060,28,,
-1746314400,0,,
-1746287890,14,,
-1049815914,22,,
334501928,8,,
968585181,29,,
371394263,23,,
590464517,5,,
1996928503,23,,
590491027,19,,
590517537,1,,
-1919706050,30,,
590544047,15,,
-180383149,19,,
590570557,29,,
1383425114,26,,
590650086,6,,
-1586741096,24,,
-1586714586,6,,
582875991,23,,
-1919467461,27,,
-823534975,1,,
-120223453,3,,
-2138545018,6,,
-823428936,24,,
-2131705472,0,,
-657519773,3,,
1460056341,21,,
-120143923,13,,
-657466753,31,,
-1442720280,8,,
-1368525861,27,,
-657440243,13,,
-1442693770,22,,
-1368499351,9,,
1460162381,13,,
-657387223,9,,
-1442667260,4,,
-120037884,4,,
-1368472841,23,,
1460188891,27,,
-1442640751,17,,
-120011374,18,,
-657360713,23,,
-1442614241,31,,
-657307694,18,,
-1442587731,13,,
-657281184,0,,
-1442561221,27,,
-657254674,14,,
-1442508201,23,,
-657228164,28,,
-1194524484,28,,
-657148634,6,,
-498079017,23,,
-1194471464,24,,
-498052508,4,,
-1194418445,19,,
1679444714,10,,
205232505,25,,
1679471224,24,,
-1194365425,15,,
1686284260,4,,
1679497734,6,,
1679524244,20,,
1679550753,1,,
1845459917,13,,
-1746301896,24,,
-1912158040,8,,
1679577263,15,,
1845486427,27,,
1686390300,28,,
-1746248876,20,,
1845512936,8,,
67627078,6,,
1686469829,5,,
1845539446,22,,
-1911972471,9,,
431433914,26,,
431460424,8,,
-105809386,22,,
-105782876,4,,
431592973,13,,
-105756366,18,,
-105703347,13,,
-105729856,0,,
-105676837,27,,
-105650327,9,,
2011925787,27,,
-105623817,23,,
-1586596042,22,,
2011978807,23,,
2012005317,5,,
1672359875,3,,
-1685744552,24,,
-105491268,28,,
1156421706,10,,
-1292483053,19,,
-1360606712,8,,
-1794032164,28,,
-477944021,11,,
-1360553693,3,,
53816938,10,,
53843448,24,,
1197168876,12,,
1734544726,22,,
1734571235,3,,
1734597745,17,,
-822992274,14,,
-497986984,24,,
1197301425,17,,
-1360315104,0,,
660005105,17,,
-497960474,6,,
-822939254,10,,
1197354445,13,,
660031615,31,,
-1897584914,14,,
-491147438,18,,
660058125,13,,
1363263608,24,,
-1194352921,7,,
-1194326411,21,,
-497854435,29,,
-1897478874,6,,
-754126937,7,,
-1194167352,8,,
-594924770,30,,
-594898260,12,,
-1471707472,16,,
-594686182,26,,
1582731510,22,,
1748640674,2,,
-1471548413,3,,
1748746713,25,,
-2008871243,21,,
-2008844733,3,,
-1435880734,2,,
1748773223,7,,
-2008818223,17,,
1748826243,3,,
1748799733,21,,
-1435854224,16,,
-1435827714,30,,
-2008765204,12,,
-1435801204,12,,
-2008738694,26,,
-1435774695,25,,
1748905772,12,,
-1435748185,7,,
1748958792,8,,
1748985302,22,,
-2008632654,18,,
-202522590,2,,
-202469570,30,,
-1683441795,29,,
1575487613,29,,
1915133054,30,,
-202416550,26,,
500841953,1,,
-1683388776,24,,
-202363530,22,,
-202337021,3,,
500921482,10,,
-202310511,17,,
-216871132,4,,
-43081834,22,,
-43055325,3,,
-1616469062,26,,
-43028815,17,,
2045819405,13,,
-43002305,31,,
494347035,27,,
-1457319916,20,,
-42975795,13,,
-919944066,30,,
-1616389533,3,,
-1457266896,16,,
660282708,20,,
1741767914,10,,
-1457240386,30,,
-1457213876,12,,
-1457187366,26,,
-588072720,16,,
501345640,8,,
-1994430667,21,,
-1457107837,3,,
-1994404157,3,,
660468277,21,,
-1457054817,31,,
-1994377647,17,,
-1291145654,10,,
-1457001797,27,,
-1994351137,31,,
-1994324627,13,,
-1994298117,27,,
-1994271608,8,,
-1291013105,15,,
1273085838,14,,
886457607,7,,
886563647,31,,
886590156,12,,
-428446396,4,,
1589875169,1,,
-905662549,11,,
-905609529,7,,
-905583019,21,,
-905556510,2,,
-905530000,16,,
-905503490,30,,
-905476980,12,,
-905450470,26,,
-905423960,8,,
1232340170,10,,
-1079160238,18,,
-905397450,22,,
1232366680,24,,
1809502131,19,,
-1616324009,23,,
-42883761,15,,
-42830742,10,,
-1616270989,19,,
-1078921650,14,,
-1616217970,14,,
1809661190,6,,
-1141053480,24,,
-1616164950,10,,
-1616138440,24,,
-1429067698,14,,
-1616111930,6,,
-1429041188,28,,
2141559046,6,,
-1429014678,10,,
-1428988168,24,,
1597476199,7,,
2134825539,3,,
1597529219,3,,
1597555729,17,,
720560948,20,,
2141691595,11,,
24141991,7,,
1597582239,31,,
-555357442,30,,
-1994153064,24,,
2134958089,9,,
-1994126554,6,,
24301050,26,,
24274541,13,,
183397177,25,,
-353872633,7,,
-353846123,21,,
-353819613,3,,
349385870,14,,
-1064905231,17,,
1424164079,15,,
-353740084,12,,
-1131374276,28,,
789770913,1,,
-1767819106,30,,
-527211263,1,,
948946570,10,,
1493082436,4,,
-1064560603,5,,
1493108946,18,,
418860934,6,,
-1064507583,1,,
789876953,25,,
948973080,24,,
1493135456,0,,
-1064481073,15,,
-1064454563,29,,
1212164658,18,,
1493161966,14,,
949026099,19,,
237940482,2,,
-1064428053,11,,
949052609,1,,
1493214985,9,,
-1064401544,24,,
-1608537410,30,,
-1064375034,6,,
949158649,25,,
-1608457880,8,,
949185159,7,,
-1064295504,16,,
775475390,30,,
-1780169005,19,,
-1332142415,17,,
-1780142495,1,,
-1442416168,24,,
-299090740,12,,
-1002322733,19,,
1115279891,19,,
1115332911,15,,
1818564904,8,,
238391149,13,,
-1002163674,6,,
-1002190183,25,,
-739025115,5,,
775766999,23,,
238497189,5,,
-836148471,9,,
-836121961,23,,
-139649985,31,,
-836095451,5,,
-298719602,14,,
-139623475,13,,
-836068941,19,,
563582008,24,,
-1713010703,17,,
2037820727,23,,
-836042431,1,,
-298666582,10,,
2037873747,19,,
1878830640,16,,
2044792823,23,,
-1282710314,22,,
1500656956,28,,
2038006296,24,,
2037979786,10,,
2044766313,9,,
1500683466,10,,
1281745761,1,,
1500709976,24,,
1500736486,6,,
-2091025327,17,,
1500762996,20,,
1500789506,2,,
1500816016,16,,
-2090919287,9,,
1327106247,7,,
1500842526,30,,
729915329,1,,
205112460,12,,
1500869035,11,,
1500895545,25,,
729941839,15,,
205138970,26,,
-72412153,7,,
86710484,20,,
473365225,9,,
1327318326,22,,
473471264,0,,
790101536,0,,
1349518992,16,,
-1228246539,21,,
-1924638986,22,,
790154556,28,,
790234085,5,,
-1705383163,5,,
1115424944,16,,
-1161194277,27,,
-1705303633,15,,
-1705277123,29,,
-1705250613,11,,
-132877464,8,,
1878710594,2,,
-1878854342,26,,
-1539208901,27,,
1878843144,8,,
971165540,4,,
1878896163,3,,
-835870868,12,,
638367850,10,,
1878975693,13,,
804356543,31,,
1341679373,13,,
1341705883,27,,
1341732393,9,,
1341758903,23,,
804409563,27,,
1341785413,5,,
804436073,9,,
804462583,23,,
1341838432,0,,
804489093,5,,
804515602,18,,
804542112,0,,
804568622,14,,
804595132,28,,
1341944472,24,,
-1379529557,11,,
-1325302869,11,,
-1153725796,28,,
-1153699286,10,,
1342130041,25,,
-1153672776,24,,
-775419563,21,,
-1153646266,6,,
-1153619756,20,,
624337426,18,,
-1153593246,2,,
-1153540227,29,,
-1153566737,15,,
1727242008,24,,
-1864493295,17,,
-1864466786,30,,
1893204190,30,,
-1864387256,8,,
-284107462,26,,
1727427577,25,,
-284080952,8,,
1893336740,4,,
1893363250,18,,
1893389760,0,,
1893416269,13,,
1893442779,27,,
1893469289,9,,
1893495799,23,,
1893522309,5,,
1893548819,19,,
1719786031,15,,
-1539090357,11,,
2052724475,27,,
1356358538,10,,
638459884,12,,
638486394,26,,
-64719089,15,,
-64745599,1,,
1500788004,4,,
-64613050,6,,
1720104149,21,,
101296113,17,,
-1676589745,15,,
-64586540,20,,
1176047813,5,,
-1683270232,8,,
1244701071,15,,
804660656,16,,
101455173,5,,
638831022,14,,
804713675,11,,
101534702,14,,
-775433569,31,,
1244886640,16,,
-1809472813,19,,
-1372544957,3,,
-1809446304,0,,
-1153554233,7,,
-72069027,29,,
-609391857,15,,
-1849973189,27,,
707643340,12,,
-1849946679,9,,
707669850,26,,
101746781,29,,
707696359,7,,
-1849920170,22,,
-1849893660,4,,
707722869,21,,
-1849840640,0,,
707775889,17,,
707749379,3,,
-1849867150,18,,
707802399,31,,
-1849814130,14,,
-2118475545,7,,
707828909,13,,
267788494,14,,
-2118449035,21,,
707855419,27,,
527306104,24,,
-1849761110,10,,
267815003,27,,
-2118422525,3,,
707881928,8,,
261054987,11,,
-1849708091,5,,
-547233516,20,,
527491673,25,,
-284068448,0,,
527518183,7,,
-713036640,0,,
-706197094,26,,
-547100967,25,,
-9751627,21,,
-706170584,8,,
-9725117,3,,
534410749,29,,
-9698607,17,,
867296174,14,,
-9672098,30,,
-546941908,12,,
1570607696,16,,
-1318675402,22,,
-9539548,4,,
-1318648892,4,,
-1961179989,11,,
-546862378,22,,
315492252,28,,
-9486528,0,,
-1318595872,0,,
-1084132188,4,,
-1318569362,14,,
-1084105678,18,,
-546782848,0,,
-1318542853,27,,
-546729829,27,,
-1318516343,9,,
-380794156,20,,
-1801898293,11,,
-932757137,15,,
-1795058747,5,,
1915317121,1,,
-1794952707,29,,
176073750,22,,
-1861554302,2,,
-1635750541,19,,
1079043000,24,,
1079069510,6,,
-161458803,13,,
1079122530,2,,
1079149040,16,,
-42871257,7,,
541852720,16,,
-1257311759,17,,
4529890,2,,
-42791728,16,,
541932250,26,,
541958759,7,,
4635930,26,,
-1575511315,13,,
4662439,7,,
542064799,31,,
542091309,13,,
-547247522,30,,
-1575352256,0,,
2122450632,8,,
-1575272726,10,,
-1946739413,11,,
-706131570,14,,
-1946659883,21,,
-1946686393,7,,
-1946633373,3,,
-168702701,19,,
164156214,22,,
-1946606863,17,,
170969251,3,,
164182724,4,,
1570620200,8,,
-1946580353,31,,
164209234,18,,
170995760,16,,
-705972511,1,,
-1946527334,26,,
-1946500824,8,,
-705892981,11,,
-1946474314,22,,
-168517132,20,,
-1961087955,13,,
-1787219128,8,,
-1787192618,22,,
1630779897,25,,
934360940,12,,
-1083960625,15,,
1093510087,7,,
-1787139598,18,,
934413960,8,,
1630859426,2,,
-1083907605,11,,
1093536597,21,,
-380675612,4,,
934466980,4,,
-1083854586,6,,
1093589616,16,,
934493490,18,,
382503998,30,,
1630965466,26,,
1093616126,30,,
934519999,31,,
1093642636,12,,
1093669146,26,,
1093695656,8,,
-2111715529,23,,
1093722166,22,,
1259604819,19,,
556399336,8,,
-2111689019,5,,
1093748676,4,,
556425846,22,,
-2111662509,19,,
1956076795,27,,
-803500218,6,,
556452356,4,,
-2111635999,1,,
556478865,17,,
556505375,31,,
556611415,23,,
-857706196,12,,
-698530540,20,,
-917494755,29,,
-857626667,21,,
-857573647,17,,
-698477520,16,,
-857547137,31,,
-698451010,30,,
-698397990,26,,
-698424500,12,,
-161048651,21,,
-698371481,7,,
-1311862366,2,,
-857414588,4,,
2122463136,0,,
-1311835856,16,,
-1311809346,30,,
-1311782836,12,,
-2112530032,16,,
-1311756326,26,,
1645087924,20,,
-1311729816,8,,
-2112477013,11,,
1645140944,16,,
1645167454,30,,
1645220473,25,,
1645193963,11,,
1645246983,7,,
1645273493,21,,
1645326513,17,,
1645379532,12,,
171220343,23,,
1645432552,8,,
-1946249731,29,,
-1408873881,7,,
1471775804,28,,
-1946196711,25,,
934479484,28,,
-1083842082,30,,
-438152110,18,,
1811500775,7,,
1804714248,8,,
65417857,1,,
1804740758,22,,
-1083789062,26,,
1631004480,0,,
390449657,25,,
934585523,19,,
934638543,15,,
934665053,29,,
390529187,3,,
934691563,11,,
934744582,6,,
934771092,20,,
-146661094,26,,
556544389,5,,
934797602,2,,
-146634584,8,,
-1726834848,0,,
-146608074,22,,
556623919,15,,
-1560846156,20,,
830914230,22,,
-2098009926,26,,
-2097983416,8,,
-1394751423,1,,
-2057377001,23,,
-1394698404,28,,
1859390102,22,,
-698199917,19,,
-258026953,23,,
-251213917,3,,
-251160897,31,,
-954339870,2,,
-251107877,27,,
-257894404,28,,
-954313360,16,,
-795217233,15,,
-257867894,10,,
-257841384,24,,
-251081367,9,,
-795190724,28,,
-1506276342,10,,
-251028348,4,,
-795164214,10,,
-257788364,20,,
445417119,31,,
-531999146,22,,
-251001838,18,,
-2104982022,26,,
-795137704,24,,
-1506223322,6,,
-795111194,6,,
-250948818,14,,
-1506196812,20,,
-795084684,20,,
-2104902492,4,,
-795058174,2,,
-795031664,16,,
-2104875982,18,,
-257682325,11,,
-2104849472,0,,
-795005154,30,,
-1235045570,30,,
-794952135,25,,
-794978645,11,,
-794899115,21,,
770660998,6,,
-794846095,17,,
74268551,7,,
-1505905203,13,,
74295061,21,,
74348081,17,,
-628883912,24,,
1548533780,20,,
74374591,31,,
1548560289,1,,
-628830893,19,,
1548586799,15,,
1533946648,24,,
1548613309,29,,
1548666329,25,,
-1505719634,14,,
1707841985,1,,
837633731,3,,
1707868495,15,,
1707895005,29,,
-1305049329,15,,
837686750,30,,
293603904,0,,
1707921515,11,,
-1305022819,29,,
837713260,12,,
-1883787278,18,,
-1304996310,10,,
293656924,28,,
1707974535,7,,
837792790,22,,
-1304969800,24,,
-1304943290,6,,
1714787571,19,,
293709944,24,,
293762963,19,,
1714946630,6,,
-243506847,1,,
293815983,15,,
293842493,29,,
-243480337,15,,
459725146,26,,
293869003,11,,
-243453827,29,,
1163010159,15,,
-243427317,11,,
-243400807,25,,
134852405,21,,
-1883442650,6,,
-243374298,6,,
-243347788,20,,
459884205,13,,
997260055,23,,
-243321278,2,,
-243294768,16,,
459937225,9,,
997313075,19,,
-1014221964,20,,
-243268258,30,,
-243241748,12,,
-416898497,31,,
-1657453320,24,,
-1657373790,2,,
1914802432,0,,
1914828941,13,,
1914855451,27,,
-416712928,0,,
-124389104,16,,
1914908471,23,,
1500603937,1,,
845367310,14,,
-628818389,11,,
845420330,10,,
-628791879,25,,
845446840,24,,
845473350,6,,
-628685839,17,,
-727887368,24,,
845605899,11,,
1548811382,22,,
-1671430724,28,,
1714773565,29,,
2086266762,10,,
1011621102,14,,
-402696509,3,,
1011647612,28,,
-1616926434,30,,
-772998263,9,,
1011674122,10,,
1714985644,12,,
134811890,18,,
-1120409594,6,,
134864909,13,,
-946593787,5,,
-402484430,18,,
-939780750,18,,
134891419,27,,
-402431411,13,,
-939754240,0,,
134944439,23,,
134917929,9,,
459896709,5,,
-946514257,15,,
-402378391,9,,
-946487747,29,,
-939701221,27,,
-402351881,23,,
-243255754,22,,
-946461237,11,,
-939674711,9,,
-243229244,4,,
-939648201,23,,
-243202734,18,,
-402298861,19,,
-946434727,25,,
-939621691,5,,
301012661,21,,
-402219332,28,,
1775198360,24,,
301039171,3,,
-402139802,6,,
-939489142,10,,
2100283180,12,,
1397077697,1,,
1397130717,29,,
1397157226,10,,
2100389219,3,,
1397183736,24,,
1397210246,6,,
626256540,28,,
-76842903,9,,
1223712557,13,,
686416237,13,,
686469257,9,,
1988890811,27,,
149172937,9,,
686548786,18,,
149225956,4,,
149278976,0,,
-2028165226,22,,
149252466,18,,
149305486,14,,
149331996,28,,
149358506,10,,
686734355,19,,
149385015,23,,
1011713135,15,,
149411525,5,,
748574577,17,,
149438035,19,,
1011766155,11,,
-1808988932,28,,
1011845685,21,,
-1808935912,24,,
1011872195,3,,
-1808909402,6,,
-1808856383,1,,
748760146,18,,
-1808882893,19,,
748733636,4,,
748786656,0,,
-1808829873,15,,
-1105624390,26,,
-1761463441,15,,
-24112674,30,,
748813166,14,,
-1808803363,29,,
1921588958,30,,
-1808776853,11,,
1921615468,12,,
1989421009,17,,
748866186,10,,
867400711,7,,
914775349,21,,
-1642841180,4,,
867453731,3,,
1921641978,26,,
1989447519,31,,
-568142501,27,,
1452151199,31,,
914801859,3,,
-939556167,25,,
-1642788160,0,,
-1642761650,14,,
914854879,31,,
914881388,12,,
914907898,26,,
914934408,8,,
-1642549572,28,,
-1043386520,8,,
-1036546974,2,,
-1043333500,4,,
-1036520464,16,,
-1043306990,18,,
-1043280480,0,,
-1036493954,30,,
1271893493,21,,
204113889,1,,
-1043253970,14,,
-1036467444,12,,
-1036440934,26,,
-1043227460,28,,
1777580646,6,,
-1043200951,9,,
-1036414424,8,,
-1043174441,23,,
-1043147931,5,,
-1036387914,22,,
-1036361404,4,,
-705403300,28,,
-1043121421,19,,
-1036308385,31,,
-1043094911,1,,
-1036281875,13,,
-1036255365,27,,
-1043041891,29,,
1956195339,11,,
204432007,7,,
1837819873,1,,
2003729036,12,,
-1753862411,21,,
-1216513071,17,,
2003782055,7,,
2003808565,21,,
-596315189,11,,
-173609127,25,,
-917349701,27,,
-1753809391,17,,
-2125037489,15,,
748825670,6,,
-2125010979,29,,
-1428565512,24,,
-2124984469,11,,
-2124931449,7,,
439220514,2,,
1830549465,25,,
439247023,15,,
52592282,26,,
439273533,29,,
914999932,28,,
52671812,4,,
915026442,10,,
211794449,17,,
-1905675626,22,,
211847468,12,,
-1202443633,15,,
-665067783,25,,
1306038204,28,,
-1202284573,3,,
-1739607403,21,,
-1202231554,30,,
-1739554384,16,,
-1202178534,26,,
-1739527874,30,,
-1202152024,8,,
-1739501364,12,,
-1739474854,26,,
975345197,13,,
-1739421834,22,,
-1739395324,4,,
1081386273,1,,
-1739289285,27,,
975477747,19,,
-1739262775,9,,
975504257,1,,
-498654932,12,,
597304064,0,,
597330573,13,,
604117100,12,,
597357083,27,,
597383593,9,,
604143610,26,,
597410103,23,,
604196629,21,,
-876775596,20,,
1928401994,10,,
1844777962,10,,
-1579954569,23,,
1928428504,24,,
1300721626,26,,
1838097475,3,,
-113569476,28,,
1864561626,26,,
-113410416,16,,
-650706736,16,,
763663894,22,,
-113330887,25,,
-650627207,25,,
1466948907,11,,
-650600697,7,,
-650574187,21,,
-1361686315,21,,
211753933,13,,
-650547677,3,,
-650494657,31,,
1974927412,20,,
-650468147,13,,
-650441638,26,,
-650415128,8,,
-1187737958,26,,
-1905610102,10,,
-491292491,21,,
-650362108,4,,
-1187711448,8,,
-1187684938,22,,
-1187658428,4,,
-1187631918,18,,
-484426435,29,,
-1187578898,14,,
-484346905,7,,
1693070787,3,,
1693097296,16,,
74334075,27,,
1693123806,30,,
1693150316,12,,
1693176826,26,,
1693203336,8,,
1693256356,4,,
1693282866,18,,
-1905212454,26,,
-1739329801,23,,
1852405502,30,,
-1905185944,8,,
438167421,29,,
1852564561,17,,
1300628090,26,,
-98996350,2,,
-98969840,16,,
-98943330,30,,
-98916820,12,,
-98890310,26,,
1141691022,14,,
438485539,3,,
-98863800,8,,
234013419,11,,
-98837291,21,,
-98810781,3,,
-1579756496,16,,
2018791843,3,,
1141903101,29,,
-1850616130,30,,
-1353846696,24,,
1466961411,3,,
60550445,13,,
60576955,27,,
-816417826,30,,
1748011739,27,,
60603465,9,,
-1353714146,30,,
1044806256,16,,
763861967,15,,
1741251722,10,,
1741278232,24,,
-2009553198,18,,
763888477,29,,
1741304742,6,,
-816311787,21,,
-809498751,1,,
-816285277,3,,
-1353634617,7,,
1748117778,18,,
879029642,10,,
-272122901,11,,
-809472241,15,,
1204008422,6,,
763968007,7,,
1748170798,14,,
-1353581597,3,,
-2009420648,24,,
-809366201,7,,
-1890824897,31,,
666791632,16,,
1204167481,25,,
666818142,30,,
-1890798387,13,,
2073255618,2,,
-816126218,22,,
-1890771878,26,,
666844651,11,,
1204193991,7,,
666871161,25,,
-1187539885,19,,
1370129664,0,,
-913276083,13,,
-588138244,28,,
115093749,21,,
-588085224,24,,
-43869828,28,,
-1458134420,12,,
-581139639,9,,
1927236158,30,,
-2062058844,4,,
348021961,9,,
-2002137736,24,,
-2002111227,5,,
1596410603,11,,
1755559749,5,,
-2002058207,1,,
348154510,14,,
1755612769,1,,
1755639279,15,,
-2001978677,11,,
1755665789,29,,
281480090,26,,
-2001899148,20,,
281506600,8,,
1755718809,25,,
1755745318,6,,
1755771828,20,,
1755798338,2,,
1755824848,16,,
-195656534,10,,
1582274139,27,,
-195630024,24,,
-1669789213,3,,
-1676602249,23,,
1756089947,27,,
1921972600,24,,
-195577004,20,,
-195550494,2,,
-1676522719,1,,
-195523984,16,,
1045083858,18,,
-36295308,20,,
2032060783,15,,
-36268798,2,,
-36242288,16,,
-913237069,19,,
-36215778,30,,
2032113803,11,,
-913184050,14,,
667042724,4,,
-1609576497,15,,
-913078010,6,,
-1609523477,11,,
-1450400840,24,,
-1609496967,25,,
-1987644140,20,,
-1987617630,2,,
2133613387,11,,
-1987591121,15,,
-1987564611,29,,
-1987538101,11,,
382166672,16,,
-1987511591,25,,
-1284279598,18,,
-1987485081,7,,
-1987458571,21,,
1536555019,11,,
-1623845510,26,,
893217624,24,,
-1987432061,3,,
1536581529,25,,
2133851976,8,,
-746771199,1,,
2133931506,18,,
893403193,25,,
1052525829,5,,
1052552339,19,,
1052578849,1,,
1059365376,0,,
1059391885,13,,
-1124759313,15,,
1059444905,9,,
2134170095,15,,
-421474300,4,,
1059550945,1,,
-361553193,23,,
-2001542015,1,,
-361447153,15,,
1052896968,8,,
-361420643,29,,
-898743473,15,,
1218832641,1,,
-898716963,29,,
1941975047,7,,
-898663944,24,,
1218912170,10,,
-898637434,6,,
-898610924,20,,
-898584414,2,,
1922197183,31,,
1922223693,13,,
-36150255,17,,
-732516192,0,,
-732489682,14,,
1823181223,7,,
-36017705,23,,
-732463172,28,,
-1609431443,13,,
1823207733,21,,
-1609378423,9,,
-29151649,31,,
-1609325404,4,,
-35911666,14,,
-1609298894,18,,
-2146595214,18,,
-1609245874,14,,
-2146568704,0,,
-395863667,13,,
-2146542194,14,,
1604289236,20,,
1604315746,2,,
-2146515684,28,,
1604342255,15,,
-2146489174,10,,
30928518,6,,
1604368765,29,,
-2146462664,24,,
-2146436155,5,,
893309657,25,,
-1987313518,18,,
-2146383135,1,,
1604448295,7,,
-347112616,24,,
-1428526498,30,,
1127144407,23,,
-347033087,1,,
-347006577,15,,
-1821139256,8,,
356278436,4,,
2038767780,4,,
-1117854243,29,,
2038847310,14,,
-520530776,8,,
2038873820,28,,
1499762923,11,,
2038900330,10,,
2038926839,23,,
893839855,15,,
2037165282,2,,
-1601936452,28,,
796610460,28,,
-1761006069,11,,
796636969,9,,
-1601856923,5,,
425673971,19,,
955786116,4,,
-2001243703,9,,
-2091813321,23,,
955812626,18,,
-1594990867,13,,
955839136,0,,
962625662,30,,
-1057641527,9,,
-1594964357,27,,
955865646,14,,
962652172,12,,
-1594937847,9,,
515825231,15,,
955892156,28,,
962705192,8,,
955918665,9,,
-1601644844,20,,
955945175,23,,
-1601671354,6,,
962731702,22,,
962758212,4,,
-1594884827,5,,
-1594858317,19,,
1500134061,13,,
-2098414278,26,,
-1601618334,2,,
-1594831808,0,,
955998195,19,,
962784721,17,,
956024705,1,,
-2125182542,18,,
-1594805298,14,,
962811231,31,,
-1601565314,30,,
956051215,15,,
962837741,13,,
-1594778788,28,,
-1594752278,10,,
1659283208,8,,
1659309718,22,,
-1601512295,25,,
962890761,9,,
782394466,2,,
1825245391,15,,
245071636,20,,
1122066417,17,,
-732318119,25,,
1825298410,10,,
-995456677,27,,
-732291609,7,,
-995430167,9,,
-995377147,5,,
-292171664,16,,
-995350637,19,,
1825404450,2,,
-995324127,1,,
1825430960,16,,
245257205,21,,
-995297618,14,,
-995271108,28,,
245310225,17,,
-291986095,17,,
-132916478,2,,
-126076932,28,,
-829308925,3,,
-829282415,17,,
1885484617,9,,
-829229395,13,,
-125970892,20,,
-125944382,2,,
-132730909,3,,
-1546995500,20,,
2051552839,7,,
1507469993,9,,
-572691794,14,,
1507496503,23,,
1507523012,4,,
1507549522,18,,
-2084159271,25,,
1507576032,0,,
736622326,22,,
1507602542,14,,
-575849570,30,,
1507629052,28,,
1507682072,24,,
1507655562,10,,
-1546730401,31,,
1507708582,6,,
-132359771,5,,
-2084026721,31,,
1507735091,19,,
33549392,16,,
33575902,30,,
1334157872,16,,
1334210892,12,,
-451493876,12,,
259591742,30,,
796941082,26,,
259671272,8,,
-1154540300,20,,
-1698649656,8,,
-1857639743,1,,
-1698543616,0,,
1122237981,29,,
419032497,17,,
-1691730580,12,,
1122264490,10,,
-1698517107,13,,
-1691704070,26,,
1122291000,24,,
86253112,24,,
-1698437577,23,,
-1698411067,5,,
-1691598031,17,,
-1872094326,10,,
-1532422374,26,,
-1691518501,27,,
-1691491991,9,,
-829163871,1,,
2045633836,12,,
1348280330,10,,
-1871988286,2,,
-1532342845,3,,
2045660346,26,,
2045686856,8,,
-457617655,9,,
2045713366,22,,
2045739876,4,,
2045766386,18,,
-1994457177,7,,
1885868259,3,,
811196089,25,,
1348571939,3,,
811249109,21,,
811275619,3,,
811302129,17,,
1348677978,26,,
811328639,31,,
811381658,26,,
1886053828,4,,
2051962991,15,,
811408168,8,,
811434678,22,,
-1365876974,18,,
-1146859740,4,,
-1146806720,0,,
-1146753700,28,,
1674027897,25,,
970901943,23,,
638069538,2,,
1674133936,16,,
1734055044,4,,
-1857680259,29,,
-443309628,4,,
-1320304409,7,,
419071511,23,,
1908021705,9,,
419124531,19,,
1900123266,2,,
1734267123,19,,
-277267916,20,,
-1857468180,12,,
-1857441670,26,,
-277241406,2,,
1900176286,30,,
1900202796,12,,
1734346652,28,,
1900282325,21,,
1900335345,17,,
1900361855,31,,
-277029327,17,,
1363092045,13,,
-1532197791,1,,
1900441385,9,,
1363118555,27,,
2059564021,21,,
1363145065,9,,
1363171575,23,,
2059590531,3,,
1182648770,2,,
2059617041,17,,
-57906053,27,,
-57879543,9,,
1189488316,28,,
-51066507,21,,
-57853033,23,,
-51039997,3,,
1363304124,28,,
-1669776709,27,,
-50986977,31,,
-946620296,24,,
811367653,5,,
2059829120,0,,
645538019,3,,
-50907448,8,,
645591039,31,,
-50827918,18,,
1182966888,8,,
645617549,13,,
108268209,17,,
108321229,13,,
-1365890980,28,,
1251620147,19,,
439087964,28,,
439114474,10,,
439140984,24,,
1370260712,8,,
439167494,6,,
714403356,28,,
439194004,20,,
-1630842613,11,,
-1305810813,3,,
714482886,6,,
-1843133643,21,,
-1843107133,3,,
714535906,2,,
-1843080623,17,,
714562415,15,,
-1843054114,30,,
714588925,29,,
-1843027604,12,,
-1843001094,26,,
714615435,11,,
274575020,12,,
-1842974584,8,,
714641945,25,,
714668455,7,,
-1842948074,22,,
274628040,8,,
971046996,20,,
714694965,21,,
-1842921564,4,,
1955302807,23,,
2052420363,11,,
-1842895054,18,,
714721475,3,,
2052446873,25,,
714747984,16,,
541038216,8,,
-602260702,2,,
2052473382,6,,
714774494,30,,
2052499892,20,,
2052526402,2,,
541117746,18,,
-602154662,26,,
2052579422,30,,
-540340950,10,,
-1987670650,6,,
874029680,16,,
-1683586849,31,,
874056190,30,,
-1683560339,13,,
-980354856,24,,
-2938591,1,,
-1683533829,27,,
541223785,9,,
-540208401,15,,
-2885571,29,,
-2859061,11,,
-2806041,7,,
-980195796,12,,
-540102361,7,,
-2753022,2,,
-2726512,16,,
-442766927,17,,
329065305,25,,
-2700002,30,,
-1077345662,2,,
322305288,8,,
-1077319152,16,,
-1077292642,30,,
-374087159,9,,
322358308,4,,
329144834,2,,
2134315148,12,,
-1077266132,12,,
-374060649,23,,
-1077239622,26,,
329197854,30,,
322411327,31,,
-2514433,31,,
-2092442255,17,,
-1788298730,22,,
1962665249,1,,
-813915495,25,,
1922156667,27,,
1962718269,29,,
1962744778,10,,
1962771288,24,,
1092748603,27,,
548639246,14,,
714574919,7,,
548692266,10,,
548745286,6,,
1092881152,0,,
-147673671,25,,
11422456,24,,
548798306,2,,
11448966,6,,
11475476,20,,
548824815,15,,
11501986,2,,
548877835,11,,
11528495,15,,
548904345,25,,
11581515,11,,
548957365,21,,
11634535,7,,
-1568565729,31,,
11687555,3,,
541554408,8,,
-1939873357,19,,
-161942684,4,,
-1939846847,1,,
1577380217,25,,
874174734,14,,
-699239004,4,,
-1939793827,29,,
-1236535324,4,,
-1243348360,24,,
-699212494,18,,
-699185984,0,,
-1939740807,25,,
-1243268831,1,,
-1236376265,23,,
-1780432601,7,,
-1780406092,20,,
1637566423,23,,
445901000,8,,
445927510,22,,
-1780379582,2,,
-1236217206,10,,
445954020,4,,
-1780353072,16,,
445980530,18,,
1637698973,29,,
1100376143,15,,
-1077041549,19,,
941280016,16,,
1100429163,11,,
-1076962020,28,,
563185862,6,,
1962863322,26,,
-518254530,30,,
563212372,20,,
1100588222,30,,
563238882,2,,
1962889832,8,,
1266470875,27,,
563265392,16,,
563291902,30,,
563318412,12,,
2059259909,5,,
563344921,25,,
1266576914,18,,
2059286419,19,,
563371431,7,,
2059312929,1,,
2059339438,14,,
2059365948,28,,
-850866650,6,,
389741193,9,,
-147581637,27,,
-850787120,16,,
-850760611,29,,
389820722,18,,
-850734101,11,,
-691584954,6,,
389953272,24,,
-147396068,28,,
-147369558,10,,
-691505425,15,,
-2105796526,18,,
-2105770016,0,,
-1402538023,25,,
-1939860853,11,,
-147183989,11,,
1652007000,24,,
-147157479,25,,
1168181684,20,,
-1381047323,5,,
-525251633,15,,
1652166059,11,,
1168314233,25,,
178033380,4,,
1652245589,21,,
1478535820,12,,
1652298608,16,,
1168473292,12,,
1818287301,5,,
1818313811,19,,
397183164,28,,
1818340321,1,,
941398559,31,,
397262693,5,,
404075730,18,,
941504599,23,,
404208279,23,,
397448262,6,,
-139874568,24,,
404261299,19,,
397474772,20,,
1644842631,7,,
-139848058,6,,
-139821548,20,,
941663658,10,,
563436955,27,,
-139795038,2,,
-139768528,16,,
563489975,23,,
-139715508,12,,
-1513426704,16,,
397713361,17,,
-1713023207,25,,
-2050670004,12,,
-1553900570,6,,
-1387991407,17,,
-2091196890,6,,
-313266218,22,,
-1387964897,31,,
-2050590475,21,,
729717256,8,,
1707133521,17,,
1169784181,21,,
1426215743,31,,
729796786,18,,
-313027629,19,,
-244374370,30,,
-788483727,17,,
-788351177,23,,
-1499436795,5,,
-788324668,4,,
-788298158,18,,
-788271648,0,,
-244135782,26,,
-525106580,12,,
-788245138,14,,
-525053560,8,,
-244082762,22,,
-788218628,28,,
-788192118,10,,
-788165608,24,,
-788139098,6,,
777394505,9,,
-788112589,19,,
2066125965,13,,
-961742827,21,,
-622097386,22,,
1555320306,18,,
1555346816,0,,
-622044366,18,,
-669365984,0,,
81214137,25,,
1555399836,28,,
81240647,7,,
1555452855,23,,
1555479365,5,,
-1173927818,22,,
1555505875,19,,
-621858797,19,,
-2036176408,8,,
-1498827068,4,,
-2036123388,4,,
1721494568,8,,
1721521078,22,,
1721547588,4,,
-458670748,4,,
1721574098,18,,
-1876921222,26,,
141426853,5,,
1541157332,20,,
-458485179,5,,
1721733157,5,,
300602509,13,,
-236693811,13,,
-236667301,27,,
-236640791,9,,
426056111,15,,
-236614281,23,,
-236587771,5,,
-236561261,19,,
1004020072,8,,
-236534751,1,,
-236508241,15,,
-236481732,28,,
-236455222,10,,
300920628,20,,
-236428712,24,,
-1007382418,14,,
-1710561391,17,,
-410032441,7,,
-409979421,3,,
-1650560754,14,,
-1650534244,28,,
-947275741,3,,
-70227940,28,,
-1484572061,3,,
-947222721,31,,
-1650454714,6,,
-947196211,13,,
-947143192,8,,
-1484359982,18,,
852259876,4,,
852339406,14,,
852365916,28,,
852392426,10,,
852418935,23,,
1018407628,12,,
1018434138,26,,
-759451720,24,,
1018487158,22,,
-720729704,24,,
141624926,30,,
141677946,26,,
-395671394,30,,
-395644884,12,,
-395591864,8,,
-932941204,12,,
-932914694,26,,
141783985,17,,
-395565354,22,,
-932888184,8,,
-395538845,3,,
-395512335,17,,
-932861674,22,,
-291065552,16,,
-395485825,31,,
-932835165,3,,
-932808655,17,,
-395459315,13,,
-932782145,31,,
-395432805,27,,
-932729125,27,,
1184900008,8,,
1184926518,22,,
1881371985,17,,
1403890733,13,,
-395247236,28,,
1403943753,9,,
-1113092871,25,,
-1106279834,6,,
633122596,4,,
-1513373684,12,,
-9976210,14,,
-9896680,24,,
-561912681,23,,
1995730357,21,,
1570330094,14,,
155985973,21,,
156012483,3,,
693388332,12,,
156065502,30,,
156092012,12,,
156118522,26,,
852537479,7,,
-9764131,29,,
-2021299170,30,,
156171542,22,,
852590499,3,,
1396752875,11,,
156198052,4,,
156224562,18,,
1458646116,4,,
-381045248,0,,
230763609,25,,
1018632211,19,,
-381018739,13,,
-380992229,27,,
-1802069856,0,,
-1802096366,18,,
755546673,17,,
-380939209,23,,
755573183,31,,
-1802043346,14,,
874134218,10,,
-229723217,15,,
-1802016837,27,,
1996181025,1,,
-1801990327,9,,
755626202,26,,
-1201417050,6,,
755652712,8,,
-1801963817,23,,
1996260555,11,,
-1201390540,20,,
-1801937307,5,,
-1098678804,12,,
-1636028144,16,,
755705732,4,,
-1966941435,5,,
1996313575,7,,
1624846888,8,,
755732242,18,,
-1636001634,30,,
1458990745,25,,
921641405,29,,
-1098599274,22,,
921667915,11,,
755811771,27,,
1996393104,16,,
1998273205,21,,
-1635922104,8,,
921694425,25,,
1459070274,2,,
1459123294,30,,
-1635789555,13,,
-307294195,13,,
1459202824,8,,
1969503293,29,,
-1807394640,16,,
-1029627898,6,,
210979945,9,,
-1029574878,2,,
-1029548368,16,,
-1476375310,18,,
-1029521858,30,,
-1469562273,31,,
1088054256,16,,
211085984,0,,
1081294239,31,,
-1476322290,14,,
-1029468839,25,,
-1469509254,26,,
1088107275,11,,
-1476295780,28,,
-1029442329,7,,
1088133785,25,,
-1029415819,21,,
2010383013,5,,
-1203072567,9,,
-1209832584,24,,
11473974,22,,
1844579889,17,,
-870134123,21,,
2010489052,28,,
-870107613,3,,
-166902130,14,,
536329863,7,,
-1747102394,6,,
-870081103,17,,
-1747075884,20,,
1851472455,7,,
1851498965,21,,
-1746969845,11,,
-1746943335,25,,
2010727641,25,,
2010780661,21,,
-1746810786,30,,
1473484341,21,,
-1421832005,27,,
1473510851,3,,
-1043525773,19,,
2010913210,26,,
446007040,0,,
1837282971,27,,
446033550,14,,
755850785,1,,
921786458,26,,
-1382462750,2,,
218660505,25,,
218713524,20,,
-1732767857,15,,
-1029509354,22,,
-1732741347,29,,
-1732714837,11,,
-1195338988,20,,
-492106995,13,,
-1732688328,24,,
-1732661818,6,,
-1732635308,20,,
-1732608798,2,,
-492027465,23,,
-1732582288,16,,
-1732555778,30,,
-1732476249,7,,
1625654688,0,,
-470616295,25,,
-1732449739,21,,
-1732423229,3,,
982396823,23,,
-1194630524,4,,
-1573168043,21,,
1251507403,11,,
-1566355007,1,,
-869936050,14,,
-166704057,7,,
-1906000448,0,,
-1566328497,15,,
1851644018,18,,
1851670528,0,,
-1566301987,29,,
1851697038,14,,
1851776568,24,,
596528574,30,,
-2118238458,6,,
-2118185438,2,,
770397401,25,,
-809802863,17,,
770423911,7,,
1851882607,15,,
-809776353,31,,
770450421,21,,
-2118079399,25,,
770476931,3,,
770503441,17,,
1473735434,10,,
-643761151,1,,
-643708131,29,,
-643681621,11,,
218646499,3,,
-643628601,7,,
-1180951431,25,,
-1180924921,7,,
218726028,12,,
-1180898411,21,,
1101349706,10,,
-1180871902,2,,
218779048,8,,
293385121,1,,
1101376216,24,,
-1180845392,16,,
-477639909,27,,
-1180818882,30,,
1699857313,1,,
-1180792372,12,,
-817179310,18,,
1699883823,15,,
-1354475630,18,,
-477507359,1,,
1699936843,11,,
1700016372,20,,
1859165519,15,,
-1891586381,19,,
1859245048,24,,
385085859,3,,
-1891506852,28,,
1148238960,16,,
-1891453832,24,,
-1898240358,26,,
1285625605,5,,
445139516,28,,
1285652114,18,,
-92156804,28,,
-92103784,24,,
-92077274,6,,
-92050764,20,,
-92024254,2,,
2025551860,20,,
-91997744,16,,
-91971235,29,,
-1566156933,27,,
1148636608,0,,
-1566130424,8,,
-1566103914,22,,
1148769157,5,,
67310461,29,,
-2002899221,11,,
67336971,11,,
74123498,10,,
-1347007150,18,,
67363481,25,,
-265495434,22,,
74176517,5,,
67389991,7,,
-1346954130,14,,
1473827467,11,,
1754851285,21,,
1754824775,7,,
770621984,0,,
770675004,28,,
1754877795,3,,
-1346848090,6,,
-802685714,14,,
1308130383,15,,
1210847968,0,,
-802606185,23,,
-477627405,19,,
-1346742051,29,,
1210874478,14,,
673578158,14,,
-1884038371,29,,
1755063364,4,,
673604668,28,,
-1884011861,11,,
1210927498,10,,
-1883985351,25,,
673631178,10,,
-1883958841,7,,
673657688,24,,
-1180753358,18,,
-1346582992,16,,
-1883932331,21,,
1211033537,1,,
673684198,6,,
-1180700338,14,,
1376889681,17,,
1211060047,15,,
-1180673829,27,,
673737217,1,,
-1180620809,23,,
1376995720,8,,
-1883852802,30,,
-643138920,24,,
500159998,30,,
-1187790977,31,,
-1187764467,13,,
-1995457249,31,,
-1995483759,17,,
-317948061,3,,
-1995404230,26,,
-36924243,13,,
-36897733,27,,
-1292066197,11,,
-1995245171,13,,
1762399296,0,,
-1988405624,8,,
1762425805,13,,
1762452315,27,,
1051340187,27,,
-1995165641,23,,
-1988352605,3,,
1762505335,23,,
-1995086111,1,,
1762531845,5,,
1762558355,19,,
1762584865,1,,
1762611375,15,,
1108109722,26,,
1762637884,28,,
-966795809,31,,
1108136232,8,,
1762664394,10,,
1108162742,22,,
1108189252,4,,
-1829044399,17,,
1762743924,20,,
1108215762,18,,
-1829017889,31,,
-966663259,5,,
1762796944,16,,
1928706107,27,,
1051764345,25,,
-1663029196,20,,
-188790478,18,,
-1662949667,29,,
-188737458,14,,
-188684438,10,,
-29482272,0,,
514680104,8,,
-29455762,14,,
-29429252,28,,
-22616216,8,,
673829251,3,,
-1443693843,13,,
-29376232,24,,
-22589706,22,,
673935290,26,,
-1602710440,24,,
-1980857614,18,,
-1443508274,14,,
-740276281,7,,
-1980831104,0,,
2088411961,25,,
-1443455254,10,,
-1980804594,14,,
-202873922,30,,
-740223261,3,,
-1980778084,28,,
-740196752,16,,
-1980751574,10,,
-1277546091,21,,
-1980725065,23,,
-1980698555,5,,
-1980672045,19,,
-1277440052,12,,
-718785582,18,,
-1980645535,1,,
1543368055,23,,
-1980592515,29,,
-1980619025,15,,
-739984673,31,,
900110190,14,,
-1829323503,17,,
900163209,9,,
900189719,23,,
900216229,5,,
2140824072,8,,
900269249,1,,
1603580771,3,,
1066257942,22,,
1603607281,17,,
-414687774,2,,
1603660301,13,,
-1111080221,3,,
-347980140,20,,
1603686811,27,,
1603739831,23,,
-1987862923,21,,
-891930437,27,,
348703916,12,,
1225672187,27,,
892813272,24,,
-891877417,23,,
-1181004451,29,,
-1180977941,11,,
886132785,17,,
-891797888,0,,
-725729665,31,,
-22471162,6,,
-1602644917,11,,
674000814,14,,
-725623626,22,,
-188221266,14,,
-22338613,11,,
-2139835197,3,,
-1602485858,30,,
1617835779,3,,
1611049252,4,,
1617862289,17,,
1611075762,18,,
-2139755668,12,,
1437339484,28,,
-1436523675,5,,
1617888798,30,,
-2139729158,26,,
1611102272,0,,
-2139702648,8,,
1617915308,12,,
-1980633031,25,,
1611128782,14,,
-2139676138,22,,
1611155292,28,,
1617941818,26,,
-1980553501,3,,
1611181802,10,,
1617968328,8,,
1114922759,7,,
1617994838,22,,
1611208312,24,,
1618021348,4,,
1114949269,21,,
-2139596608,0,,
1114975778,2,,
-1980473972,12,,
1115002288,16,,
1618100877,13,,
-340220050,14,,
363064962,2,,
363171002,26,,
1134222542,14,,
-2085159344,16,,
-1588336890,6,,
-1754219543,9,,
432433987,3,,
432460497,17,,
1225737711,15,,
432487007,31,,
-1050881510,26,,
432513517,13,,
-1588204340,12,,
-1754086994,14,,
-1588177830,26,,
969438699,11,,
-1588151321,7,,
-1050801981,3,,
969465208,24,,
-1588124811,21,,
969544738,2,,
-1588098301,3,,
-1588071791,17,,
-1588045281,31,,
-1588018771,13,,
969597758,30,,
969624268,12,,
251725613,13,,
-1759809425,15,,
789074953,9,,
969650777,25,,
-1587965752,8,,
1666096244,20,,
-1587939242,22,,
-1428816605,3,,
-725584612,28,,
1128826434,2,,
-1428790095,17,,
-1587886222,18,,
1128852944,16,,
251884673,1,,
-725531592,24,,
-347251869,3,,
-1428737075,13,,
1128879454,30,,
789260522,10,,
-988670150,26,,
1832111447,23,,
-725505082,6,,
-1428710565,27,,
796073558,22,,
251964202,10,,
-988617131,21,,
-988590621,3,,
796126578,18,,
1128958983,7,,
-988564111,17,,
-988511091,13,,
-285279098,6,,
252096752,16,,
-285226078,2,,
-285199568,16,,
-822548908,20,,
-285173059,29,,
-822522398,2,,
-822495888,16,,
-822469379,29,,
-119237386,22,,
-285093529,7,,
-285067019,21,,
-822389849,7,,
2058259836,28,,
-285013999,17,,
1998444768,0,,
-1540182464,0,,
-1540155954,14,,
1991737771,11,,
1514283029,21,,
1514309539,3,,
1514336049,17,,
1521122575,15,,
1514362559,31,,
1521149085,29,,
1521175595,11,,
1514389069,13,,
-1174191415,9,,
1514415578,26,,
1521202105,25,,
1521228615,7,,
1514468598,22,,
1521255125,21,,
-703484185,7,,
1521281634,2,,
1521308144,16,,
-995754989,19,,
1514521618,18,,
1521334654,30,,
1514548128,0,,
40362429,29,,
1521361164,12,,
-662816545,31,,
1514601147,27,,
1521387674,26,,
-1518506195,13,,
803542039,23,,
803648079,15,,
803674589,29,,
-1207860450,30,,
803701099,11,,
100495615,31,,
100469106,18,,
-1911012913,15,,
-1910986404,28,,
803833648,16,,
1121735795,19,,
266590348,12,,
1121762305,1,,
425739494,6,,
1128944977,17,,
1121788815,15,,
804019217,17,,
266669877,21,,
1128997997,13,,
1129051017,9,,
432632060,28,,
425845534,30,,
-270546913,31,,
432658570,10,,
432685080,24,,
1129104037,5,,
432711590,6,,
93092658,18,,
-444256681,23,,
-1298130253,19,,
-1298103744,0,,
-444150642,14,,
991472099,3,,
-119145352,24,,
-119118842,6,,
-1525556318,2,,
1030167606,22,,
-1525529808,16,,
-822297815,9,,
-1525503299,29,,
-1525476789,11,,
1355278936,24,,
1355331956,20,,
818035636,20,,
818062145,1,,
1355411485,29,,
1355437995,11,,
818088655,15,,
818115165,29,,
1355491015,7,,
-1698894949,27,,
818141675,11,,
818168185,25,,
1355544034,2,,
818221205,21,,
1355570544,16,,
818247714,2,,
818274224,16,,
-655937985,31,,
-655911475,13,,
-79484488,24,,
2058961597,29,,
818380264,8,,
1259380236,12,,
-1911026919,25,,
-761793491,13,,
-761766981,27,,
-1911000409,7,,
1259406746,26,,
1259433256,8,,
-1133180647,25,,
977608940,12,,
977661960,8,,
-436682161,15,,
-1133101118,2,,
977688470,22,,
644856065,1,,
107533235,19,,
977741489,17,,
1680973482,10,,
-1850814203,5,,
-1850734673,15,,
1741053649,17,,
-270481389,19,,
-973660363,21,,
-436284513,31,,
-270401860,28,,
-270428370,14,,
1907015832,24,,
1907068852,20,,
288332140,12,,
2073084055,23,,
1369878571,11,,
2073110564,4,,
1369905081,25,,
1196142293,21,,
2073137074,18,,
1369931591,7,,
2066377058,2,,
1369958101,21,,
2066403568,16,,
1369984611,3,,
2066430077,29,,
1196248333,13,,
1370011121,17,,
-44306490,6,,
2073243114,10,,
2073296133,5,,
-44253471,1,,
-1663043202,30,,
-44226961,15,,
-44200451,29,,
-44173941,11,,
-44147431,25,,
-1662910653,3,,
-44094411,21,,
1196486921,9,,
1196539941,5,,
115054735,15,,
115081245,29,,
652457095,7,,
115107755,11,,
-2062203897,7,,
-1836320607,1,,
721348942,14,,
721322432,0,,
-1836267587,29,,
-1836241077,11,,
721375452,28,,
-1836214567,25,,
721401962,10,,
-1836188058,6,,
721428471,23,,
281388056,24,,
721454981,5,,
-1836161548,20,,
721481491,19,,
-1836135038,2,,
-1795502113,31,,
-1836082018,30,,
721534511,15,,
-595474175,1,,
3715386,26,,
706920869,5,,
3741896,8,,
10554932,20,,
-511797124,28,,
978019092,20,,
880789697,1,,
-1676826832,16,,
3794916,4,,
-2007740123,5,,
-1676800322,30,,
880816207,15,,
3821426,18,,
10607952,16,,
880842717,29,,
-1676773812,12,,
3847936,0,,
880869227,11,,
-1676747302,26,,
-973541819,5,,
880895736,24,,
1584127729,17,,
10713992,8,,
-973462290,14,,
-692491492,28,,
10767011,3,,
-533368855,9,,
4006995,19,,
-533342345,23,,
-1070559135,1,,
-533236305,15,,
-1070532625,15,,
-533183286,10,,
-533156776,24,,
-1070506116,28,,
10952580,4,,
-1070479606,10,,
-533103756,20,,
-367247613,3,,
-533077246,2,,
-1070426586,6,,
-1841380292,28,,
-533050736,16,,
-367168083,13,,
1810249609,9,,
-49894871,9,,
1928890174,30,,
1225500624,16,,
1976370851,3,,
189805862,6,,
-1781194086,26,,
1969637344,0,,
-22458658,30,,
1258710786,2,,
-1781008516,28,,
555558322,18,,
-140834125,19,,
18288512,0,,
555611342,14,,
555637852,28,,
555664362,10,,
18315022,14,,
18341532,28,,
18368042,10,,
18394551,23,,
18421061,5,,
-1455738128,16,,
-155315217,15,,
18474081,1,,
18553611,11,,
184489284,4,,
-1561593634,30,,
-155076628,12,,
184568813,13,,
881040790,22,,
881014280,8,,
184621833,9,,
-1932901261,19,,
881120319,31,,
-1229616248,8,,
-1947461883,5,,
-1773619565,19,,
-1773593055,1,,
-692107849,23,,
1107083140,4,,
-1070361062,26,,
-1773566545,15,,
-1229404169,23,,
-1070308043,21,,
-367102559,1,,
1107136159,31,,
-1773513526,10,,
-1070281533,3,,
-1229377659,5,,
1107215689,9,,
-1947196784,16,,
948119562,10,,
1107242199,23,,
948172582,6,,
948146072,24,,
948199092,20,,
-1947090745,7,,
569972389,5,,
569998899,19,,
570025408,0,,
570051918,14,,
570078428,28,,
1976515904,0,,
570104938,10,,
570131448,24,,
1273363441,17,,
570157958,6,,
570184468,20,,
-844053614,18,,
-844000594,14,,
-843974084,28,,
-207396706,30,,
-843947574,10,,
-677958882,30,,
-140609542,26,,
-140583032,8,,
-677932372,12,,
1432910236,28,,
-140503502,18,,
-140476992,0,,
-677826332,4,,
1232181111,23,,
1658873056,0,,
1658899566,14,,
1232207620,4,,
1658926075,27,,
1232234130,18,,
-518465107,13,,
1232260640,0,,
1232287150,14,,
184819906,2,,
1659058625,1,,
-1932676678,26,,
-1070295539,13,,
1825047318,22,,
1825073827,3,,
-1766608456,24,,
-1766634966,10,,
-1766555436,20,,
-1010135842,30,,
410994805,21,,
-133114551,9,,
411047825,17,,
-133088041,23,,
-133061531,5,,
948397165,13,,
411100845,13,,
-2044148577,31,,
570170462,30,,
-133035021,19,,
-133008512,0,,
-132982002,14,,
411153865,9,,
-132955492,28,,
411180374,22,,
836580638,30,,
-132928982,10,,
411206884,4,,
-132875962,6,,
-1506640178,14,,
-132822942,2,,
1713760988,28,,
-1606902602,22,,
1176517688,24,,
-2043671399,25,,
-1380886762,22,,
299788006,6,,
-822205782,10,,
-781538141,3,,
2039216946,18,,
-781511631,17,,
-1221578556,4,,
2039269966,14,,
-774698595,29,,
-1221552046,18,,
-781485121,31,,
-781458611,13,,
1336090993,17,,
-237322745,7,,
-781432102,26,,
-781405592,8,,
-774619065,7,,
-781379082,22,,
-774566046,2,,
-774513026,30,,
-781193513,23,,
-774406986,22,,
1147875124,20,,
87974153,9,,
-954823752,24,,
-615204820,12,,
-655739911,25,,
-1492173091,29,,
1562212872,8,,
-2029495921,15,,
1680826927,15,,
1562292402,18,,
-1492093562,6,,
-1492014032,16,,
1728307604,20,,
-2029310352,16,,
1728334114,2,,
-1863401189,27,,
-1870161205,11,,
-1870108186,6,,
314122543,15,,
-1870081676,20,,
-720227518,2,,
1238914617,25,,
-2029098273,31,,
-229907284,12,,
1238967637,21,,
1238994147,3,,
-229854264,8,,
1239020657,17,,
1554862935,23,,
1239047167,31,,
-229827755,21,,
1010753578,10,,
-229801245,3,,
1239073676,12,,
1239100186,26,,
-229774735,17,,
1010833108,20,,
-229748225,31,,
-229721715,13,,
1010886128,16,,
-229695205,27,,
-229668695,9,,
-1869737048,8,,
1010912637,29,,
1011018677,21,,
-940568744,24,,
-940595254,10,,
-1643800737,31,,
1342916533,21,,
-940462705,15,,
-1643694698,22,,
-940436195,29,,
-1477785535,1,,
1336209536,0,,
1342996062,30,,
-940409685,11,,
639817089,1,,
-1477679495,25,,
-940330155,21,,
-1477546946,30,,
-236965613,19,,
-940197606,26,,
-236939103,1,,
-1077372172,20,,
859046403,3,,
-1477467416,8,,
-615139296,0,,
1182019835,27,,
859152442,26,,
866045008,16,,
859284991,31,,
1025220665,25,,
1025273684,20,,
1025300194,2,,
1025379724,12,,
-388858358,10,,
-388831848,24,,
-388778828,20,,
-926101658,6,,
-926075148,20,,
-381151288,8,,
-926048638,2,,
-381124778,22,,
-926022128,16,,
-925969109,11,,
-381098268,4,,
-925995618,30,,
-381071758,18,,
-925942599,25,,
-388619769,7,,
-925916089,7,,
314638734,14,,
-925863069,3,,
-925836559,17,,
1410756789,21,,
-1099466798,18,,
-1099413778,14,,
-1099387268,28,,
-766528353,31,,
-766448824,8,,
1403168263,7,,
1403194773,21,,
-1318252746,22,,
-1311466219,21,,
1245754163,19,,
1245780673,1,,
700174859,11,,
-2014592173,19,,
-1318146706,14,,
1245807183,15,,
-2014565663,1,,
1245833693,29,,
-1455911193,7,,
1245860203,11,,
1245886713,25,,
162958068,20,,
1403565911,23,,
163011088,16,,
-374258722,30,,
163117128,8,,
-374232212,12,,
1025418738,18,,
-1747969918,2,,
-374205702,26,,
-10619151,17,,
-374179192,8,,
762306689,1,,
-1788523313,15,,
-1795283330,30,,
-374152683,21,,
-547915471,17,,
-554701997,19,,
762359709,29,,
-10513111,9,,
-1788417274,6,,
762412729,25,,
887760291,3,,
-1795177290,22,,
762439239,7,,
2003020571,27,,
2003047081,9,,
-1788364254,2,,
762465748,20,,
928374912,0,,
-547756411,5,,
-554542938,6,,
762492258,2,,
-1795124271,17,,
-547729902,18,,
-1795097761,31,,
-554489918,2,,
1465803781,5,,
887919350,22,,
-554463408,16,,
769384824,24,,
-1795044741,27,,
-222724612,28,,
1465830291,19,,
928480951,23,,
-547650372,28,,
-554436898,30,,
-1629135578,6,,
1465856801,1,,
322610902,22,,
-1629056048,16,,
1465883311,15,,
-547597352,24,,
928533971,19,,
1465909820,28,,
-2125798973,3,,
-547544333,19,,
-547464803,29,,
217554392,24,,
-1070585645,19,,
-1022894391,9,,
-1022788352,0,,
-1022761842,14,,
-1022735332,28,,
-766356790,10,,
-1022708822,10,,
-1462749237,11,,
1094867292,28,,
755221851,27,,
-1022682312,24,,
217925531,27,,
1094893802,10,,
1791312758,22,,
-1022655802,6,,
-1022629292,20,,
-1196365571,29,,
-766197731,29,,
-1022576273,15,,
-1037136894,2,,
-863268067,29,,
-1740262848,0,,
-863241557,11,,
-160036074,22,,
-1740209828,28,,
-1740183318,10,,
2017434638,14,,
-159983054,18,,
1858338511,15,,
-1740156808,24,,
2017487658,10,,
2017540677,5,,
-374311742,2,,
-1408285462,10,,
2017567187,19,,
-374285232,16,,
-1036792266,22,,
1480270867,19,,
2017593697,1,,
1480297377,1,,